date_key,full_date,year,quarter,month,month_name,year_month,week_of_year,day,day_of_week,day_name,is_weekend
20240101,2024-01-01,2024,1,1,January,2024-01,1,1,1,Monday,false
20240102,2024-01-02,2024,1,1,January,2024-01,1,2,2,Tuesday,false
20240103,2024-01-03,2024,1,1,January,2024-01,1,3,3,Wednesday,false
20240104,2024-01-04,2024,1,1,January,2024-01,1,4,4,Thursday,false
20240105,2024-01-05,2024,1,1,January,2024-01,1,5,5,Friday,false
20240106,2024-01-06,2024,1,1,January,2024-01,1,6,6,Saturday,true
20240107,2024-01-07,2024,1,1,January,2024-01,1,7,7,Sunday,true
20240108,2024-01-08,2024,1,1,January,2024-01,2,8,1,Monday,false
20240109,2024-01-09,2024,1,1,January,2024-01,2,9,2,Tuesday,false
20240110,2024-01-10,2024,1,1,January,2024-01,2,10,3,Wednesday,false
20240111,2024-01-11,2024,1,1,January,2024-01,2,11,4,Thursday,false
20240112,2024-01-12,2024,1,1,January,2024-01,2,12,5,Friday,false
20240113,2024-01-13,2024,1,1,January,2024-01,2,13,6,Saturday,true
20240114,2024-01-14,2024,1,1,January,2024-01,2,14,7,Sunday,true
20240115,2024-01-15,2024,1,1,January,2024-01,3,15,1,Monday,false
20240116,2024-01-16,2024,1,1,January,2024-01,3,16,2,Tuesday,false
20240117,2024-01-17,2024,1,1,January,2024-01,3,17,3,Wednesday,false
20240118,2024-01-18,2024,1,1,January,2024-01,3,18,4,Thursday,false
20240119,2024-01-19,2024,1,1,January,2024-01,3,19,5,Friday,false
20240120,2024-01-20,2024,1,1,January,2024-01,3,20,6,Saturday,true
20240121,2024-01-21,2024,1,1,January,2024-01,3,21,7,Sunday,true
20240122,2024-01-22,2024,1,1,January,2024-01,4,22,1,Monday,false
20240123,2024-01-23,2024,1,1,January,2024-01,4,23,2,Tuesday,false
20240124,2024-01-24,2024,1,1,January,2024-01,4,24,3,Wednesday,false
20240125,2024-01-25,2024,1,1,January,2024-01,4,25,4,Thursday,false
20240126,2024-01-26,2024,1,1,January,2024-01,4,26,5,Friday,false
20240127,2024-01-27,2024,1,1,January,2024-01,4,27,6,Saturday,true
20240128,2024-01-28,2024,1,1,January,2024-01,4,28,7,Sunday,true
20240129,2024-01-29,2024,1,1,January,2024-01,5,29,1,Monday,false
20240130,2024-01-30,2024,1,1,January,2024-01,5,30,2,Tuesday,false
20240131,2024-01-31,2024,1,1,January,2024-01,5,31,3,Wednesday,false
20240201,2024-02-01,2024,1,2,February,2024-02,5,1,4,Thursday,false
20240202,2024-02-02,2024,1,2,February,2024-02,5,2,5,Friday,false
20240203,2024-02-03,2024,1,2,February,2024-02,5,3,6,Saturday,true
20240204,2024-02-04,2024,1,2,February,2024-02,5,4,7,Sunday,true
20240205,2024-02-05,2024,1,2,February,2024-02,6,5,1,Monday,false
20240206,2024-02-06,2024,1,2,February,2024-02,6,6,2,Tuesday,false
20240207,2024-02-07,2024,1,2,February,2024-02,6,7,3,Wednesday,false
20240208,2024-02-08,2024,1,2,February,2024-02,6,8,4,Thursday,false
20240209,2024-02-09,2024,1,2,February,2024-02,6,9,5,Friday,false
20240210,2024-02-10,2024,1,2,February,2024-02,6,10,6,Saturday,true
20240211,2024-02-11,2024,1,2,February,2024-02,6,11,7,Sunday,true
20240212,2024-02-12,2024,1,2,February,2024-02,7,12,1,Monday,false
20240213,2024-02-13,2024,1,2,February,2024-02,7,13,2,Tuesday,false
20240214,2024-02-14,2024,1,2,February,2024-02,7,14,3,Wednesday,false
20240215,2024-02-15,2024,1,2,February,2024-02,7,15,4,Thursday,false
20240216,2024-02-16,2024,1,2,February,2024-02,7,16,5,Friday,false
20240217,2024-02-17,2024,1,2,February,2024-02,7,17,6,Saturday,true
20240218,2024-02-18,2024,1,2,February,2024-02,7,18,7,Sunday,true
20240219,2024-02-19,2024,1,2,February,2024-02,8,19,1,Monday,false
20240220,2024-02-20,2024,1,2,February,2024-02,8,20,2,Tuesday,false
20240221,2024-02-21,2024,1,2,February,2024-02,8,21,3,Wednesday,false
20240222,2024-02-22,2024,1,2,February,2024-02,8,22,4,Thursday,false
20240223,2024-02-23,2024,1,2,February,2024-02,8,23,5,Friday,false
20240224,2024-02-24,2024,1,2,February,2024-02,8,24,6,Saturday,true
20240225,2024-02-25,2024,1,2,February,2024-02,8,25,7,Sunday,true
20240226,2024-02-26,2024,1,2,February,2024-02,9,26,1,Monday,false
20240227,2024-02-27,2024,1,2,February,2024-02,9,27,2,Tuesday,false
20240228,2024-02-28,2024,1,2,February,2024-02,9,28,3,Wednesday,false
20240229,2024-02-29,2024,1,2,February,2024-02,9,29,4,Thursday,false
20240301,2024-03-01,2024,1,3,March,2024-03,9,1,5,Friday,false
20240302,2024-03-02,2024,1,3,March,2024-03,9,2,6,Saturday,true
20240303,2024-03-03,2024,1,3,March,2024-03,9,3,7,Sunday,true
20240304,2024-03-04,2024,1,3,March,2024-03,10,4,1,Monday,false
20240305,2024-03-05,2024,1,3,March,2024-03,10,5,2,Tuesday,false
20240306,2024-03-06,2024,1,3,March,2024-03,10,6,3,Wednesday,false
20240307,2024-03-07,2024,1,3,March,2024-03,10,7,4,Thursday,false
20240308,2024-03-08,2024,1,3,March,2024-03,10,8,5,Friday,false
20240309,2024-03-09,2024,1,3,March,2024-03,10,9,6,Saturday,true
20240310,2024-03-10,2024,1,3,March,2024-03,10,10,7,Sunday,true
20240311,2024-03-11,2024,1,3,March,2024-03,11,11,1,Monday,false
20240312,2024-03-12,2024,1,3,March,2024-03,11,12,2,Tuesday,false
20240313,2024-03-13,2024,1,3,March,2024-03,11,13,3,Wednesday,false
20240314,2024-03-14,2024,1,3,March,2024-03,11,14,4,Thursday,false
20240315,2024-03-15,2024,1,3,March,2024-03,11,15,5,Friday,false
20240316,2024-03-16,2024,1,3,March,2024-03,11,16,6,Saturday,true
20240317,2024-03-17,2024,1,3,March,2024-03,11,17,7,Sunday,true
20240318,2024-03-18,2024,1,3,March,2024-03,12,18,1,Monday,false
20240319,2024-03-19,2024,1,3,March,2024-03,12,19,2,Tuesday,false
20240320,2024-03-20,2024,1,3,March,2024-03,12,20,3,Wednesday,false
20240321,2024-03-21,2024,1,3,March,2024-03,12,21,4,Thursday,false
20240322,2024-03-22,2024,1,3,March,2024-03,12,22,5,Friday,false
20240323,2024-03-23,2024,1,3,March,2024-03,12,23,6,Saturday,true
20240324,2024-03-24,2024,1,3,March,2024-03,12,24,7,Sunday,true
20240325,2024-03-25,2024,1,3,March,2024-03,13,25,1,Monday,false
20240326,2024-03-26,2024,1,3,March,2024-03,13,26,2,Tuesday,false
20240327,2024-03-27,2024,1,3,March,2024-03,13,27,3,Wednesday,false
20240328,2024-03-28,2024,1,3,March,2024-03,13,28,4,Thursday,false
20240329,2024-03-29,2024,1,3,March,2024-03,13,29,5,Friday,false
20240330,2024-03-30,2024,1,3,March,2024-03,13,30,6,Saturday,true
20240331,2024-03-31,2024,1,3,March,2024-03,13,31,7,Sunday,true
20240401,2024-04-01,2024,2,4,April,2024-04,14,1,1,Monday,false
20240402,2024-04-02,2024,2,4,April,2024-04,14,2,2,Tuesday,false
20240403,2024-04-03,2024,2,4,April,2024-04,14,3,3,Wednesday,false
20240404,2024-04-04,2024,2,4,April,2024-04,14,4,4,Thursday,false
20240405,2024-04-05,2024,2,4,April,2024-04,14,5,5,Friday,false
20240406,2024-04-06,2024,2,4,April,2024-04,14,6,6,Saturday,true
20240407,2024-04-07,2024,2,4,April,2024-04,14,7,7,Sunday,true
20240408,2024-04-08,2024,2,4,April,2024-04,15,8,1,Monday,false
20240409,2024-04-09,2024,2,4,April,2024-04,15,9,2,Tuesday,false
20240410,2024-04-10,2024,2,4,April,2024-04,15,10,3,Wednesday,false
20240411,2024-04-11,2024,2,4,April,2024-04,15,11,4,Thursday,false
20240412,2024-04-12,2024,2,4,April,2024-04,15,12,5,Friday,false
20240413,2024-04-13,2024,2,4,April,2024-04,15,13,6,Saturday,true
20240414,2024-04-14,2024,2,4,April,2024-04,15,14,7,Sunday,true
20240415,2024-04-15,2024,2,4,April,2024-04,16,15,1,Monday,false
20240416,2024-04-16,2024,2,4,April,2024-04,16,16,2,Tuesday,false
20240417,2024-04-17,2024,2,4,April,2024-04,16,17,3,Wednesday,false
20240418,2024-04-18,2024,2,4,April,2024-04,16,18,4,Thursday,false
20240419,2024-04-19,2024,2,4,April,2024-04,16,19,5,Friday,false
20240420,2024-04-20,2024,2,4,April,2024-04,16,20,6,Saturday,true
20240421,2024-04-21,2024,2,4,April,2024-04,16,21,7,Sunday,true
20240422,2024-04-22,2024,2,4,April,2024-04,17,22,1,Monday,false
20240423,2024-04-23,2024,2,4,April,2024-04,17,23,2,Tuesday,false
20240424,2024-04-24,2024,2,4,April,2024-04,17,24,3,Wednesday,false
20240425,2024-04-25,2024,2,4,April,2024-04,17,25,4,Thursday,false
20240426,2024-04-26,2024,2,4,April,2024-04,17,26,5,Friday,false
20240427,2024-04-27,2024,2,4,April,2024-04,17,27,6,Saturday,true
20240428,2024-04-28,2024,2,4,April,2024-04,17,28,7,Sunday,true
20240429,2024-04-29,2024,2,4,April,2024-04,18,29,1,Monday,false
20240430,2024-04-30,2024,2,4,April,2024-04,18,30,2,Tuesday,false
20240501,2024-05-01,2024,2,5,May,2024-05,18,1,3,Wednesday,false
20240502,2024-05-02,2024,2,5,May,2024-05,18,2,4,Thursday,false
20240503,2024-05-03,2024,2,5,May,2024-05,18,3,5,Friday,false
20240504,2024-05-04,2024,2,5,May,2024-05,18,4,6,Saturday,true
20240505,2024-05-05,2024,2,5,May,2024-05,18,5,7,Sunday,true
20240506,2024-05-06,2024,2,5,May,2024-05,19,6,1,Monday,false
20240507,2024-05-07,2024,2,5,May,2024-05,19,7,2,Tuesday,false
20240508,2024-05-08,2024,2,5,May,2024-05,19,8,3,Wednesday,false
20240509,2024-05-09,2024,2,5,May,2024-05,19,9,4,Thursday,false
20240510,2024-05-10,2024,2,5,May,2024-05,19,10,5,Friday,false
20240511,2024-05-11,2024,2,5,May,2024-05,19,11,6,Saturday,true
20240512,2024-05-12,2024,2,5,May,2024-05,19,12,7,Sunday,true
20240513,2024-05-13,2024,2,5,May,2024-05,20,13,1,Monday,false
20240514,2024-05-14,2024,2,5,May,2024-05,20,14,2,Tuesday,false
20240515,2024-05-15,2024,2,5,May,2024-05,20,15,3,Wednesday,false
20240516,2024-05-16,2024,2,5,May,2024-05,20,16,4,Thursday,false
20240517,2024-05-17,2024,2,5,May,2024-05,20,17,5,Friday,false
20240518,2024-05-18,2024,2,5,May,2024-05,20,18,6,Saturday,true
20240519,2024-05-19,2024,2,5,May,2024-05,20,19,7,Sunday,true
20240520,2024-05-20,2024,2,5,May,2024-05,21,20,1,Monday,false
20240521,2024-05-21,2024,2,5,May,2024-05,21,21,2,Tuesday,false
20240522,2024-05-22,2024,2,5,May,2024-05,21,22,3,Wednesday,false
20240523,2024-05-23,2024,2,5,May,2024-05,21,23,4,Thursday,false
20240524,2024-05-24,2024,2,5,May,2024-05,21,24,5,Friday,false
20240525,2024-05-25,2024,2,5,May,2024-05,21,25,6,Saturday,true
20240526,2024-05-26,2024,2,5,May,2024-05,21,26,7,Sunday,true
20240527,2024-05-27,2024,2,5,May,2024-05,22,27,1,Monday,false
20240528,2024-05-28,2024,2,5,May,2024-05,22,28,2,Tuesday,false
20240529,2024-05-29,2024,2,5,May,2024-05,22,29,3,Wednesday,false
20240530,2024-05-30,2024,2,5,May,2024-05,22,30,4,Thursday,false
20240531,2024-05-31,2024,2,5,May,2024-05,22,31,5,Friday,false
20240601,2024-06-01,2024,2,6,June,2024-06,22,1,6,Saturday,true
20240602,2024-06-02,2024,2,6,June,2024-06,22,2,7,Sunday,true
20240603,2024-06-03,2024,2,6,June,2024-06,23,3,1,Monday,false
20240604,2024-06-04,2024,2,6,June,2024-06,23,4,2,Tuesday,false
20240605,2024-06-05,2024,2,6,June,2024-06,23,5,3,Wednesday,false
20240606,2024-06-06,2024,2,6,June,2024-06,23,6,4,Thursday,false
20240607,2024-06-07,2024,2,6,June,2024-06,23,7,5,Friday,false
20240608,2024-06-08,2024,2,6,June,2024-06,23,8,6,Saturday,true
20240609,2024-06-09,2024,2,6,June,2024-06,23,9,7,Sunday,true
20240610,2024-06-10,2024,2,6,June,2024-06,24,10,1,Monday,false
20240611,2024-06-11,2024,2,6,June,2024-06,24,11,2,Tuesday,false
20240612,2024-06-12,2024,2,6,June,2024-06,24,12,3,Wednesday,false
20240613,2024-06-13,2024,2,6,June,2024-06,24,13,4,Thursday,false
20240614,2024-06-14,2024,2,6,June,2024-06,24,14,5,Friday,false
20240615,2024-06-15,2024,2,6,June,2024-06,24,15,6,Saturday,true
20240616,2024-06-16,2024,2,6,June,2024-06,24,16,7,Sunday,true
20240617,2024-06-17,2024,2,6,June,2024-06,25,17,1,Monday,false
20240618,2024-06-18,2024,2,6,June,2024-06,25,18,2,Tuesday,false
20240619,2024-06-19,2024,2,6,June,2024-06,25,19,3,Wednesday,false
20240620,2024-06-20,2024,2,6,June,2024-06,25,20,4,Thursday,false
20240621,2024-06-21,2024,2,6,June,2024-06,25,21,5,Friday,false
20240622,2024-06-22,2024,2,6,June,2024-06,25,22,6,Saturday,true
20240623,2024-06-23,2024,2,6,June,2024-06,25,23,7,Sunday,true
20240624,2024-06-24,2024,2,6,June,2024-06,26,24,1,Monday,false
20240625,2024-06-25,2024,2,6,June,2024-06,26,25,2,Tuesday,false
20240626,2024-06-26,2024,2,6,June,2024-06,26,26,3,Wednesday,false
20240627,2024-06-27,2024,2,6,June,2024-06,26,27,4,Thursday,false
20240628,2024-06-28,2024,2,6,June,2024-06,26,28,5,Friday,false
20240629,2024-06-29,2024,2,6,June,2024-06,26,29,6,Saturday,true
20240630,2024-06-30,2024,2,6,June,2024-06,26,30,7,Sunday,true
20240701,2024-07-01,2024,3,7,July,2024-07,27,1,1,Monday,false
20240702,2024-07-02,2024,3,7,July,2024-07,27,2,2,Tuesday,false
20240703,2024-07-03,2024,3,7,July,2024-07,27,3,3,Wednesday,false
20240704,2024-07-04,2024,3,7,July,2024-07,27,4,4,Thursday,false
20240705,2024-07-05,2024,3,7,July,2024-07,27,5,5,Friday,false
20240706,2024-07-06,2024,3,7,July,2024-07,27,6,6,Saturday,true
20240707,2024-07-07,2024,3,7,July,2024-07,27,7,7,Sunday,true
20240708,2024-07-08,2024,3,7,July,2024-07,28,8,1,Monday,false
20240709,2024-07-09,2024,3,7,July,2024-07,28,9,2,Tuesday,false
20240710,2024-07-10,2024,3,7,July,2024-07,28,10,3,Wednesday,false
20240711,2024-07-11,2024,3,7,July,2024-07,28,11,4,Thursday,false
20240712,2024-07-12,2024,3,7,July,2024-07,28,12,5,Friday,false
20240713,2024-07-13,2024,3,7,July,2024-07,28,13,6,Saturday,true
20240714,2024-07-14,2024,3,7,July,2024-07,28,14,7,Sunday,true
20240715,2024-07-15,2024,3,7,July,2024-07,29,15,1,Monday,false
20240716,2024-07-16,2024,3,7,July,2024-07,29,16,2,Tuesday,false
20240717,2024-07-17,2024,3,7,July,2024-07,29,17,3,Wednesday,false
20240718,2024-07-18,2024,3,7,July,2024-07,29,18,4,Thursday,false
20240719,2024-07-19,2024,3,7,July,2024-07,29,19,5,Friday,false
20240720,2024-07-20,2024,3,7,July,2024-07,29,20,6,Saturday,true
20240721,2024-07-21,2024,3,7,July,2024-07,29,21,7,Sunday,true
20240722,2024-07-22,2024,3,7,July,2024-07,30,22,1,Monday,false
20240723,2024-07-23,2024,3,7,July,2024-07,30,23,2,Tuesday,false
20240724,2024-07-24,2024,3,7,July,2024-07,30,24,3,Wednesday,false
20240725,2024-07-25,2024,3,7,July,2024-07,30,25,4,Thursday,false
20240726,2024-07-26,2024,3,7,July,2024-07,30,26,5,Friday,false
20240727,2024-07-27,2024,3,7,July,2024-07,30,27,6,Saturday,true
20240728,2024-07-28,2024,3,7,July,2024-07,30,28,7,Sunday,true
20240729,2024-07-29,2024,3,7,July,2024-07,31,29,1,Monday,false
20240730,2024-07-30,2024,3,7,July,2024-07,31,30,2,Tuesday,false
20240731,2024-07-31,2024,3,7,July,2024-07,31,31,3,Wednesday,false
20240801,2024-08-01,2024,3,8,August,2024-08,31,1,4,Thursday,false
20240802,2024-08-02,2024,3,8,August,2024-08,31,2,5,Friday,false
20240803,2024-08-03,2024,3,8,August,2024-08,31,3,6,Saturday,true
20240804,2024-08-04,2024,3,8,August,2024-08,31,4,7,Sunday,true
20240805,2024-08-05,2024,3,8,August,2024-08,32,5,1,Monday,false
20240806,2024-08-06,2024,3,8,August,2024-08,32,6,2,Tuesday,false
20240807,2024-08-07,2024,3,8,August,2024-08,32,7,3,Wednesday,false
20240808,2024-08-08,2024,3,8,August,2024-08,32,8,4,Thursday,false
20240809,2024-08-09,2024,3,8,August,2024-08,32,9,5,Friday,false
20240810,2024-08-10,2024,3,8,August,2024-08,32,10,6,Saturday,true
20240811,2024-08-11,2024,3,8,August,2024-08,32,11,7,Sunday,true
20240812,2024-08-12,2024,3,8,August,2024-08,33,12,1,Monday,false
20240813,2024-08-13,2024,3,8,August,2024-08,33,13,2,Tuesday,false
20240814,2024-08-14,2024,3,8,August,2024-08,33,14,3,Wednesday,false
20240815,2024-08-15,2024,3,8,August,2024-08,33,15,4,Thursday,false
20240816,2024-08-16,2024,3,8,August,2024-08,33,16,5,Friday,false
20240817,2024-08-17,2024,3,8,August,2024-08,33,17,6,Saturday,true
20240818,2024-08-18,2024,3,8,August,2024-08,33,18,7,Sunday,true
20240819,2024-08-19,2024,3,8,August,2024-08,34,19,1,Monday,false
20240820,2024-08-20,2024,3,8,August,2024-08,34,20,2,Tuesday,false
20240821,2024-08-21,2024,3,8,August,2024-08,34,21,3,Wednesday,false
20240822,2024-08-22,2024,3,8,August,2024-08,34,22,4,Thursday,false
20240823,2024-08-23,2024,3,8,August,2024-08,34,23,5,Friday,false
20240824,2024-08-24,2024,3,8,August,2024-08,34,24,6,Saturday,true
20240825,2024-08-25,2024,3,8,August,2024-08,34,25,7,Sunday,true
20240826,2024-08-26,2024,3,8,August,2024-08,35,26,1,Monday,false
20240827,2024-08-27,2024,3,8,August,2024-08,35,27,2,Tuesday,false
20240828,2024-08-28,2024,3,8,August,2024-08,35,28,3,Wednesday,false
20240829,2024-08-29,2024,3,8,August,2024-08,35,29,4,Thursday,false
20240830,2024-08-30,2024,3,8,August,2024-08,35,30,5,Friday,false
20240831,2024-08-31,2024,3,8,August,2024-08,35,31,6,Saturday,true
20240901,2024-09-01,2024,3,9,September,2024-09,35,1,7,Sunday,true
20240902,2024-09-02,2024,3,9,September,2024-09,36,2,1,Monday,false
20240903,2024-09-03,2024,3,9,September,2024-09,36,3,2,Tuesday,false
20240904,2024-09-04,2024,3,9,September,2024-09,36,4,3,Wednesday,false
20240905,2024-09-05,2024,3,9,September,2024-09,36,5,4,Thursday,false
20240906,2024-09-06,2024,3,9,September,2024-09,36,6,5,Friday,false
20240907,2024-09-07,2024,3,9,September,2024-09,36,7,6,Saturday,true
20240908,2024-09-08,2024,3,9,September,2024-09,36,8,7,Sunday,true
20240909,2024-09-09,2024,3,9,September,2024-09,37,9,1,Monday,false
20240910,2024-09-10,2024,3,9,September,2024-09,37,10,2,Tuesday,false
20240911,2024-09-11,2024,3,9,September,2024-09,37,11,3,Wednesday,false
20240912,2024-09-12,2024,3,9,September,2024-09,37,12,4,Thursday,false
20240913,2024-09-13,2024,3,9,September,2024-09,37,13,5,Friday,false
20240914,2024-09-14,2024,3,9,September,2024-09,37,14,6,Saturday,true
20240915,2024-09-15,2024,3,9,September,2024-09,37,15,7,Sunday,true
20240916,2024-09-16,2024,3,9,September,2024-09,38,16,1,Monday,false
20240917,2024-09-17,2024,3,9,September,2024-09,38,17,2,Tuesday,false
20240918,2024-09-18,2024,3,9,September,2024-09,38,18,3,Wednesday,false
20240919,2024-09-19,2024,3,9,September,2024-09,38,19,4,Thursday,false
20240920,2024-09-20,2024,3,9,September,2024-09,38,20,5,Friday,false
20240921,2024-09-21,2024,3,9,September,2024-09,38,21,6,Saturday,true
20240922,2024-09-22,2024,3,9,September,2024-09,38,22,7,Sunday,true
20240923,2024-09-23,2024,3,9,September,2024-09,39,23,1,Monday,false
20240924,2024-09-24,2024,3,9,September,2024-09,39,24,2,Tuesday,false
20240925,2024-09-25,2024,3,9,September,2024-09,39,25,3,Wednesday,false
20240926,2024-09-26,2024,3,9,September,2024-09,39,26,4,Thursday,false
20240927,2024-09-27,2024,3,9,September,2024-09,39,27,5,Friday,false
20240928,2024-09-28,2024,3,9,September,2024-09,39,28,6,Saturday,true
20240929,2024-09-29,2024,3,9,September,2024-09,39,29,7,Sunday,true
20240930,2024-09-30,2024,3,9,September,2024-09,40,30,1,Monday,false
20241001,2024-10-01,2024,4,10,October,2024-10,40,1,2,Tuesday,false
20241002,2024-10-02,2024,4,10,October,2024-10,40,2,3,Wednesday,false
20241003,2024-10-03,2024,4,10,October,2024-10,40,3,4,Thursday,false
20241004,2024-10-04,2024,4,10,October,2024-10,40,4,5,Friday,false
20241005,2024-10-05,2024,4,10,October,2024-10,40,5,6,Saturday,true
20241006,2024-10-06,2024,4,10,October,2024-10,40,6,7,Sunday,true
20241007,2024-10-07,2024,4,10,October,2024-10,41,7,1,Monday,false
20241008,2024-10-08,2024,4,10,October,2024-10,41,8,2,Tuesday,false
20241009,2024-10-09,2024,4,10,October,2024-10,41,9,3,Wednesday,false
20241010,2024-10-10,2024,4,10,October,2024-10,41,10,4,Thursday,false
20241011,2024-10-11,2024,4,10,October,2024-10,41,11,5,Friday,false
20241012,2024-10-12,2024,4,10,October,2024-10,41,12,6,Saturday,true
20241013,2024-10-13,2024,4,10,October,2024-10,41,13,7,Sunday,true
20241014,2024-10-14,2024,4,10,October,2024-10,42,14,1,Monday,false
20241015,2024-10-15,2024,4,10,October,2024-10,42,15,2,Tuesday,false
20241016,2024-10-16,2024,4,10,October,2024-10,42,16,3,Wednesday,false
20241017,2024-10-17,2024,4,10,October,2024-10,42,17,4,Thursday,false
20241018,2024-10-18,2024,4,10,October,2024-10,42,18,5,Friday,false
20241019,2024-10-19,2024,4,10,October,2024-10,42,19,6,Saturday,true
20241020,2024-10-20,2024,4,10,October,2024-10,42,20,7,Sunday,true
20241021,2024-10-21,2024,4,10,October,2024-10,43,21,1,Monday,false
20241022,2024-10-22,2024,4,10,October,2024-10,43,22,2,Tuesday,false
20241023,2024-10-23,2024,4,10,October,2024-10,43,23,3,Wednesday,false
20241024,2024-10-24,2024,4,10,October,2024-10,43,24,4,Thursday,false
20241025,2024-10-25,2024,4,10,October,2024-10,43,25,5,Friday,false
20241026,2024-10-26,2024,4,10,October,2024-10,43,26,6,Saturday,true
20241027,2024-10-27,2024,4,10,October,2024-10,43,27,7,Sunday,true
20241028,2024-10-28,2024,4,10,October,2024-10,44,28,1,Monday,false
20241029,2024-10-29,2024,4,10,October,2024-10,44,29,2,Tuesday,false
20241030,2024-10-30,2024,4,10,October,2024-10,44,30,3,Wednesday,false
20241031,2024-10-31,2024,4,10,October,2024-10,44,31,4,Thursday,false
20241101,2024-11-01,2024,4,11,November,2024-11,44,1,5,Friday,false
20241102,2024-11-02,2024,4,11,November,2024-11,44,2,6,Saturday,true
20241103,2024-11-03,2024,4,11,November,2024-11,44,3,7,Sunday,true
20241104,2024-11-04,2024,4,11,November,2024-11,45,4,1,Monday,false
20241105,2024-11-05,2024,4,11,November,2024-11,45,5,2,Tuesday,false
20241106,2024-11-06,2024,4,11,November,2024-11,45,6,3,Wednesday,false
20241107,2024-11-07,2024,4,11,November,2024-11,45,7,4,Thursday,false
20241108,2024-11-08,2024,4,11,November,2024-11,45,8,5,Friday,false
20241109,2024-11-09,2024,4,11,November,2024-11,45,9,6,Saturday,true
20241110,2024-11-10,2024,4,11,November,2024-11,45,10,7,Sunday,true
20241111,2024-11-11,2024,4,11,November,2024-11,46,11,1,Monday,false
20241112,2024-11-12,2024,4,11,November,2024-11,46,12,2,Tuesday,false
20241113,2024-11-13,2024,4,11,November,2024-11,46,13,3,Wednesday,false
20241114,2024-11-14,2024,4,11,November,2024-11,46,14,4,Thursday,false
20241115,2024-11-15,2024,4,11,November,2024-11,46,15,5,Friday,false
20241116,2024-11-16,2024,4,11,November,2024-11,46,16,6,Saturday,true
20241117,2024-11-17,2024,4,11,November,2024-11,46,17,7,Sunday,true
20241118,2024-11-18,2024,4,11,November,2024-11,47,18,1,Monday,false
20241119,2024-11-19,2024,4,11,November,2024-11,47,19,2,Tuesday,false
20241120,2024-11-20,2024,4,11,November,2024-11,47,20,3,Wednesday,false
20241121,2024-11-21,2024,4,11,November,2024-11,47,21,4,Thursday,false
20241122,2024-11-22,2024,4,11,November,2024-11,47,22,5,Friday,false
20241123,2024-11-23,2024,4,11,November,2024-11,47,23,6,Saturday,true
20241124,2024-11-24,2024,4,11,November,2024-11,47,24,7,Sunday,true
20241125,2024-11-25,2024,4,11,November,2024-11,48,25,1,Monday,false
20241126,2024-11-26,2024,4,11,November,2024-11,48,26,2,Tuesday,false
20241127,2024-11-27,2024,4,11,November,2024-11,48,27,3,Wednesday,false
20241128,2024-11-28,2024,4,11,November,2024-11,48,28,4,Thursday,false
20241129,2024-11-29,2024,4,11,November,2024-11,48,29,5,Friday,false
20241130,2024-11-30,2024,4,11,November,2024-11,48,30,6,Saturday,true
20241201,2024-12-01,2024,4,12,December,2024-12,48,1,7,Sunday,true
20241202,2024-12-02,2024,4,12,December,2024-12,49,2,1,Monday,false
20241203,2024-12-03,2024,4,12,December,2024-12,49,3,2,Tuesday,false
20241204,2024-12-04,2024,4,12,December,2024-12,49,4,3,Wednesday,false
20241205,2024-12-05,2024,4,12,December,2024-12,49,5,4,Thursday,false
20241206,2024-12-06,2024,4,12,December,2024-12,49,6,5,Friday,false
20241207,2024-12-07,2024,4,12,December,2024-12,49,7,6,Saturday,true
20241208,2024-12-08,2024,4,12,December,2024-12,49,8,7,Sunday,true
20241209,2024-12-09,2024,4,12,December,2024-12,50,9,1,Monday,false
20241210,2024-12-10,2024,4,12,December,2024-12,50,10,2,Tuesday,false
20241211,2024-12-11,2024,4,12,December,2024-12,50,11,3,Wednesday,false
20241212,2024-12-12,2024,4,12,December,2024-12,50,12,4,Thursday,false
20241213,2024-12-13,2024,4,12,December,2024-12,50,13,5,Friday,false
20241214,2024-12-14,2024,4,12,December,2024-12,50,14,6,Saturday,true
20241215,2024-12-15,2024,4,12,December,2024-12,50,15,7,Sunday,true
20241216,2024-12-16,2024,4,12,December,2024-12,51,16,1,Monday,false
20241217,2024-12-17,2024,4,12,December,2024-12,51,17,2,Tuesday,false
20241218,2024-12-18,2024,4,12,December,2024-12,51,18,3,Wednesday,false
20241219,2024-12-19,2024,4,12,December,2024-12,51,19,4,Thursday,false
20241220,2024-12-20,2024,4,12,December,2024-12,51,20,5,Friday,false
20241221,2024-12-21,2024,4,12,December,2024-12,51,21,6,Saturday,true
20241222,2024-12-22,2024,4,12,December,2024-12,51,22,7,Sunday,true
20241223,2024-12-23,2024,4,12,December,2024-12,52,23,1,Monday,false
20241224,2024-12-24,2024,4,12,December,2024-12,52,24,2,Tuesday,false
20241225,2024-12-25,2024,4,12,December,2024-12,52,25,3,Wednesday,false
20241226,2024-12-26,2024,4,12,December,2024-12,52,26,4,Thursday,false
20241227,2024-12-27,2024,4,12,December,2024-12,52,27,5,Friday,false
20241228,2024-12-28,2024,4,12,December,2024-12,52,28,6,Saturday,true
20241229,2024-12-29,2024,4,12,December,2024-12,52,29,7,Sunday,true
20241230,2024-12-30,2024,4,12,December,2024-12,1,30,1,Monday,false
20241231,2024-12-31,2024,4,12,December,2024-12,1,31,2,Tuesday,false
20250101,2025-01-01,2025,1,1,January,2025-01,1,1,3,Wednesday,false
20250102,2025-01-02,2025,1,1,January,2025-01,1,2,4,Thursday,false
20250103,2025-01-03,2025,1,1,January,2025-01,1,3,5,Friday,false
20250104,2025-01-04,2025,1,1,January,2025-01,1,4,6,Saturday,true
20250105,2025-01-05,2025,1,1,January,2025-01,1,5,7,Sunday,true
20250106,2025-01-06,2025,1,1,January,2025-01,2,6,1,Monday,false
20250107,2025-01-07,2025,1,1,January,2025-01,2,7,2,Tuesday,false
20250108,2025-01-08,2025,1,1,January,2025-01,2,8,3,Wednesday,false
20250109,2025-01-09,2025,1,1,January,2025-01,2,9,4,Thursday,false
20250110,2025-01-10,2025,1,1,January,2025-01,2,10,5,Friday,false
20250111,2025-01-11,2025,1,1,January,2025-01,2,11,6,Saturday,true
20250112,2025-01-12,2025,1,1,January,2025-01,2,12,7,Sunday,true
20250113,2025-01-13,2025,1,1,January,2025-01,3,13,1,Monday,false
20250114,2025-01-14,2025,1,1,January,2025-01,3,14,2,Tuesday,false
20250115,2025-01-15,2025,1,1,January,2025-01,3,15,3,Wednesday,false
20250116,2025-01-16,2025,1,1,January,2025-01,3,16,4,Thursday,false
20250117,2025-01-17,2025,1,1,January,2025-01,3,17,5,Friday,false
20250118,2025-01-18,2025,1,1,January,2025-01,3,18,6,Saturday,true
20250119,2025-01-19,2025,1,1,January,2025-01,3,19,7,Sunday,true
20250120,2025-01-20,2025,1,1,January,2025-01,4,20,1,Monday,false
20250121,2025-01-21,2025,1,1,January,2025-01,4,21,2,Tuesday,false
20250122,2025-01-22,2025,1,1,January,2025-01,4,22,3,Wednesday,false
20250123,2025-01-23,2025,1,1,January,2025-01,4,23,4,Thursday,false
20250124,2025-01-24,2025,1,1,January,2025-01,4,24,5,Friday,false
20250125,2025-01-25,2025,1,1,January,2025-01,4,25,6,Saturday,true
20250126,2025-01-26,2025,1,1,January,2025-01,4,26,7,Sunday,true
20250127,2025-01-27,2025,1,1,January,2025-01,5,27,1,Monday,false
20250128,2025-01-28,2025,1,1,January,2025-01,5,28,2,Tuesday,false
20250129,2025-01-29,2025,1,1,January,2025-01,5,29,3,Wednesday,false
20250130,2025-01-30,2025,1,1,January,2025-01,5,30,4,Thursday,false
20250131,2025-01-31,2025,1,1,January,2025-01,5,31,5,Friday,false
20250201,2025-02-01,2025,1,2,February,2025-02,5,1,6,Saturday,true
20250202,2025-02-02,2025,1,2,February,2025-02,5,2,7,Sunday,true
20250203,2025-02-03,2025,1,2,February,2025-02,6,3,1,Monday,false
20250204,2025-02-04,2025,1,2,February,2025-02,6,4,2,Tuesday,false
20250205,2025-02-05,2025,1,2,February,2025-02,6,5,3,Wednesday,false
20250206,2025-02-06,2025,1,2,February,2025-02,6,6,4,Thursday,false
20250207,2025-02-07,2025,1,2,February,2025-02,6,7,5,Friday,false
20250208,2025-02-08,2025,1,2,February,2025-02,6,8,6,Saturday,true
20250209,2025-02-09,2025,1,2,February,2025-02,6,9,7,Sunday,true
20250210,2025-02-10,2025,1,2,February,2025-02,7,10,1,Monday,false
20250211,2025-02-11,2025,1,2,February,2025-02,7,11,2,Tuesday,false
20250212,2025-02-12,2025,1,2,February,2025-02,7,12,3,Wednesday,false
20250213,2025-02-13,2025,1,2,February,2025-02,7,13,4,Thursday,false
20250214,2025-02-14,2025,1,2,February,2025-02,7,14,5,Friday,false
20250215,2025-02-15,2025,1,2,February,2025-02,7,15,6,Saturday,true
20250216,2025-02-16,2025,1,2,February,2025-02,7,16,7,Sunday,true
20250217,2025-02-17,2025,1,2,February,2025-02,8,17,1,Monday,false
20250218,2025-02-18,2025,1,2,February,2025-02,8,18,2,Tuesday,false
20250219,2025-02-19,2025,1,2,February,2025-02,8,19,3,Wednesday,false
20250220,2025-02-20,2025,1,2,February,2025-02,8,20,4,Thursday,false
20250221,2025-02-21,2025,1,2,February,2025-02,8,21,5,Friday,false
20250222,2025-02-22,2025,1,2,February,2025-02,8,22,6,Saturday,true
20250223,2025-02-23,2025,1,2,February,2025-02,8,23,7,Sunday,true
20250224,2025-02-24,2025,1,2,February,2025-02,9,24,1,Monday,false
20250225,2025-02-25,2025,1,2,February,2025-02,9,25,2,Tuesday,false
20250226,2025-02-26,2025,1,2,February,2025-02,9,26,3,Wednesday,false
20250227,2025-02-27,2025,1,2,February,2025-02,9,27,4,Thursday,false
20250228,2025-02-28,2025,1,2,February,2025-02,9,28,5,Friday,false
20250301,2025-03-01,2025,1,3,March,2025-03,9,1,6,Saturday,true
20250302,2025-03-02,2025,1,3,March,2025-03,9,2,7,Sunday,true
20250303,2025-03-03,2025,1,3,March,2025-03,10,3,1,Monday,false
20250304,2025-03-04,2025,1,3,March,2025-03,10,4,2,Tuesday,false
20250305,2025-03-05,2025,1,3,March,2025-03,10,5,3,Wednesday,false
20250306,2025-03-06,2025,1,3,March,2025-03,10,6,4,Thursday,false
20250307,2025-03-07,2025,1,3,March,2025-03,10,7,5,Friday,false
20250308,2025-03-08,2025,1,3,March,2025-03,10,8,6,Saturday,true
20250309,2025-03-09,2025,1,3,March,2025-03,10,9,7,Sunday,true
20250310,2025-03-10,2025,1,3,March,2025-03,11,10,1,Monday,false
20250311,2025-03-11,2025,1,3,March,2025-03,11,11,2,Tuesday,false
20250312,2025-03-12,2025,1,3,March,2025-03,11,12,3,Wednesday,false
20250313,2025-03-13,2025,1,3,March,2025-03,11,13,4,Thursday,false
20250314,2025-03-14,2025,1,3,March,2025-03,11,14,5,Friday,false
20250315,2025-03-15,2025,1,3,March,2025-03,11,15,6,Saturday,true
20250316,2025-03-16,2025,1,3,March,2025-03,11,16,7,Sunday,true
20250317,2025-03-17,2025,1,3,March,2025-03,12,17,1,Monday,false
20250318,2025-03-18,2025,1,3,March,2025-03,12,18,2,Tuesday,false
20250319,2025-03-19,2025,1,3,March,2025-03,12,19,3,Wednesday,false
20250320,2025-03-20,2025,1,3,March,2025-03,12,20,4,Thursday,false
20250321,2025-03-21,2025,1,3,March,2025-03,12,21,5,Friday,false
20250322,2025-03-22,2025,1,3,March,2025-03,12,22,6,Saturday,true
20250323,2025-03-23,2025,1,3,March,2025-03,12,23,7,Sunday,true
20250324,2025-03-24,2025,1,3,March,2025-03,13,24,1,Monday,false
20250325,2025-03-25,2025,1,3,March,2025-03,13,25,2,Tuesday,false
20250326,2025-03-26,2025,1,3,March,2025-03,13,26,3,Wednesday,false
20250327,2025-03-27,2025,1,3,March,2025-03,13,27,4,Thursday,false
20250328,2025-03-28,2025,1,3,March,2025-03,13,28,5,Friday,false
20250329,2025-03-29,2025,1,3,March,2025-03,13,29,6,Saturday,true
20250330,2025-03-30,2025,1,3,March,2025-03,13,30,7,Sunday,true
20250331,2025-03-31,2025,1,3,March,2025-03,14,31,1,Monday,false
20250401,2025-04-01,2025,2,4,April,2025-04,14,1,2,Tuesday,false
20250402,2025-04-02,2025,2,4,April,2025-04,14,2,3,Wednesday,false
20250403,2025-04-03,2025,2,4,April,2025-04,14,3,4,Thursday,false
20250404,2025-04-04,2025,2,4,April,2025-04,14,4,5,Friday,false
20250405,2025-04-05,2025,2,4,April,2025-04,14,5,6,Saturday,true
20250406,2025-04-06,2025,2,4,April,2025-04,14,6,7,Sunday,true
20250407,2025-04-07,2025,2,4,April,2025-04,15,7,1,Monday,false
20250408,2025-04-08,2025,2,4,April,2025-04,15,8,2,Tuesday,false
20250409,2025-04-09,2025,2,4,April,2025-04,15,9,3,Wednesday,false
20250410,2025-04-10,2025,2,4,April,2025-04,15,10,4,Thursday,false
20250411,2025-04-11,2025,2,4,April,2025-04,15,11,5,Friday,false
20250412,2025-04-12,2025,2,4,April,2025-04,15,12,6,Saturday,true
20250413,2025-04-13,2025,2,4,April,2025-04,15,13,7,Sunday,true
20250414,2025-04-14,2025,2,4,April,2025-04,16,14,1,Monday,false
20250415,2025-04-15,2025,2,4,April,2025-04,16,15,2,Tuesday,false
20250416,2025-04-16,2025,2,4,April,2025-04,16,16,3,Wednesday,false
20250417,2025-04-17,2025,2,4,April,2025-04,16,17,4,Thursday,false
20250418,2025-04-18,2025,2,4,April,2025-04,16,18,5,Friday,false
20250419,2025-04-19,2025,2,4,April,2025-04,16,19,6,Saturday,true
20250420,2025-04-20,2025,2,4,April,2025-04,16,20,7,Sunday,true
20250421,2025-04-21,2025,2,4,April,2025-04,17,21,1,Monday,false
20250422,2025-04-22,2025,2,4,April,2025-04,17,22,2,Tuesday,false
20250423,2025-04-23,2025,2,4,April,2025-04,17,23,3,Wednesday,false
20250424,2025-04-24,2025,2,4,April,2025-04,17,24,4,Thursday,false
20250425,2025-04-25,2025,2,4,April,2025-04,17,25,5,Friday,false
20250426,2025-04-26,2025,2,4,April,2025-04,17,26,6,Saturday,true
20250427,2025-04-27,2025,2,4,April,2025-04,17,27,7,Sunday,true
20250428,2025-04-28,2025,2,4,April,2025-04,18,28,1,Monday,false
20250429,2025-04-29,2025,2,4,April,2025-04,18,29,2,Tuesday,false
20250430,2025-04-30,2025,2,4,April,2025-04,18,30,3,Wednesday,false
20250501,2025-05-01,2025,2,5,May,2025-05,18,1,4,Thursday,false
20250502,2025-05-02,2025,2,5,May,2025-05,18,2,5,Friday,false
20250503,2025-05-03,2025,2,5,May,2025-05,18,3,6,Saturday,true
20250504,2025-05-04,2025,2,5,May,2025-05,18,4,7,Sunday,true
20250505,2025-05-05,2025,2,5,May,2025-05,19,5,1,Monday,false
20250506,2025-05-06,2025,2,5,May,2025-05,19,6,2,Tuesday,false
20250507,2025-05-07,2025,2,5,May,2025-05,19,7,3,Wednesday,false
20250508,2025-05-08,2025,2,5,May,2025-05,19,8,4,Thursday,false
20250509,2025-05-09,2025,2,5,May,2025-05,19,9,5,Friday,false
20250510,2025-05-10,2025,2,5,May,2025-05,19,10,6,Saturday,true
20250511,2025-05-11,2025,2,5,May,2025-05,19,11,7,Sunday,true
20250512,2025-05-12,2025,2,5,May,2025-05,20,12,1,Monday,false
20250513,2025-05-13,2025,2,5,May,2025-05,20,13,2,Tuesday,false
20250514,2025-05-14,2025,2,5,May,2025-05,20,14,3,Wednesday,false
20250515,2025-05-15,2025,2,5,May,2025-05,20,15,4,Thursday,false
20250516,2025-05-16,2025,2,5,May,2025-05,20,16,5,Friday,false
20250517,2025-05-17,2025,2,5,May,2025-05,20,17,6,Saturday,true
20250518,2025-05-18,2025,2,5,May,2025-05,20,18,7,Sunday,true
20250519,2025-05-19,2025,2,5,May,2025-05,21,19,1,Monday,false
20250520,2025-05-20,2025,2,5,May,2025-05,21,20,2,Tuesday,false
20250521,2025-05-21,2025,2,5,May,2025-05,21,21,3,Wednesday,false
20250522,2025-05-22,2025,2,5,May,2025-05,21,22,4,Thursday,false
20250523,2025-05-23,2025,2,5,May,2025-05,21,23,5,Friday,false
20250524,2025-05-24,2025,2,5,May,2025-05,21,24,6,Saturday,true
20250525,2025-05-25,2025,2,5,May,2025-05,21,25,7,Sunday,true
20250526,2025-05-26,2025,2,5,May,2025-05,22,26,1,Monday,false
20250527,2025-05-27,2025,2,5,May,2025-05,22,27,2,Tuesday,false
20250528,2025-05-28,2025,2,5,May,2025-05,22,28,3,Wednesday,false
20250529,2025-05-29,2025,2,5,May,2025-05,22,29,4,Thursday,false
20250530,2025-05-30,2025,2,5,May,2025-05,22,30,5,Friday,false
20250531,2025-05-31,2025,2,5,May,2025-05,22,31,6,Saturday,true
20250601,2025-06-01,2025,2,6,June,2025-06,22,1,7,Sunday,true
20250602,2025-06-02,2025,2,6,June,2025-06,23,2,1,Monday,false
20250603,2025-06-03,2025,2,6,June,2025-06,23,3,2,Tuesday,false
20250604,2025-06-04,2025,2,6,June,2025-06,23,4,3,Wednesday,false
20250605,2025-06-05,2025,2,6,June,2025-06,23,5,4,Thursday,false
20250606,2025-06-06,2025,2,6,June,2025-06,23,6,5,Friday,false
20250607,2025-06-07,2025,2,6,June,2025-06,23,7,6,Saturday,true
20250608,2025-06-08,2025,2,6,June,2025-06,23,8,7,Sunday,true
20250609,2025-06-09,2025,2,6,June,2025-06,24,9,1,Monday,false
20250610,2025-06-10,2025,2,6,June,2025-06,24,10,2,Tuesday,false
20250611,2025-06-11,2025,2,6,June,2025-06,24,11,3,Wednesday,false
20250612,2025-06-12,2025,2,6,June,2025-06,24,12,4,Thursday,false
20250613,2025-06-13,2025,2,6,June,2025-06,24,13,5,Friday,false
20250614,2025-06-14,2025,2,6,June,2025-06,24,14,6,Saturday,true
20250615,2025-06-15,2025,2,6,June,2025-06,24,15,7,Sunday,true
20250616,2025-06-16,2025,2,6,June,2025-06,25,16,1,Monday,false
20250617,2025-06-17,2025,2,6,June,2025-06,25,17,2,Tuesday,false
20250618,2025-06-18,2025,2,6,June,2025-06,25,18,3,Wednesday,false
20250619,2025-06-19,2025,2,6,June,2025-06,25,19,4,Thursday,false
20250620,2025-06-20,2025,2,6,June,2025-06,25,20,5,Friday,false
20250621,2025-06-21,2025,2,6,June,2025-06,25,21,6,Saturday,true
20250622,2025-06-22,2025,2,6,June,2025-06,25,22,7,Sunday,true
20250623,2025-06-23,2025,2,6,June,2025-06,26,23,1,Monday,false
20250624,2025-06-24,2025,2,6,June,2025-06,26,24,2,Tuesday,false
20250625,2025-06-25,2025,2,6,June,2025-06,26,25,3,Wednesday,false
20250626,2025-06-26,2025,2,6,June,2025-06,26,26,4,Thursday,false
20250627,2025-06-27,2025,2,6,June,2025-06,26,27,5,Friday,false
20250628,2025-06-28,2025,2,6,June,2025-06,26,28,6,Saturday,true
20250629,2025-06-29,2025,2,6,June,2025-06,26,29,7,Sunday,true
20250630,2025-06-30,2025,2,6,June,2025-06,27,30,1,Monday,false
20250701,2025-07-01,2025,3,7,July,2025-07,27,1,2,Tuesday,false
20250702,2025-07-02,2025,3,7,July,2025-07,27,2,3,Wednesday,false
20250703,2025-07-03,2025,3,7,July,2025-07,27,3,4,Thursday,false
20250704,2025-07-04,2025,3,7,July,2025-07,27,4,5,Friday,false
20250705,2025-07-05,2025,3,7,July,2025-07,27,5,6,Saturday,true
20250706,2025-07-06,2025,3,7,July,2025-07,27,6,7,Sunday,true
20250707,2025-07-07,2025,3,7,July,2025-07,28,7,1,Monday,false
20250708,2025-07-08,2025,3,7,July,2025-07,28,8,2,Tuesday,false
20250709,2025-07-09,2025,3,7,July,2025-07,28,9,3,Wednesday,false
20250710,2025-07-10,2025,3,7,July,2025-07,28,10,4,Thursday,false
20250711,2025-07-11,2025,3,7,July,2025-07,28,11,5,Friday,false
20250712,2025-07-12,2025,3,7,July,2025-07,28,12,6,Saturday,true
20250713,2025-07-13,2025,3,7,July,2025-07,28,13,7,Sunday,true
20250714,2025-07-14,2025,3,7,July,2025-07,29,14,1,Monday,false
20250715,2025-07-15,2025,3,7,July,2025-07,29,15,2,Tuesday,false
20250716,2025-07-16,2025,3,7,July,2025-07,29,16,3,Wednesday,false
20250717,2025-07-17,2025,3,7,July,2025-07,29,17,4,Thursday,false
20250718,2025-07-18,2025,3,7,July,2025-07,29,18,5,Friday,false
20250719,2025-07-19,2025,3,7,July,2025-07,29,19,6,Saturday,true
20250720,2025-07-20,2025,3,7,July,2025-07,29,20,7,Sunday,true
20250721,2025-07-21,2025,3,7,July,2025-07,30,21,1,Monday,false
20250722,2025-07-22,2025,3,7,July,2025-07,30,22,2,Tuesday,false
20250723,2025-07-23,2025,3,7,July,2025-07,30,23,3,Wednesday,false
20250724,2025-07-24,2025,3,7,July,2025-07,30,24,4,Thursday,false
20250725,2025-07-25,2025,3,7,July,2025-07,30,25,5,Friday,false
20250726,2025-07-26,2025,3,7,July,2025-07,30,26,6,Saturday,true
20250727,2025-07-27,2025,3,7,July,2025-07,30,27,7,Sunday,true
20250728,2025-07-28,2025,3,7,July,2025-07,31,28,1,Monday,false
20250729,2025-07-29,2025,3,7,July,2025-07,31,29,2,Tuesday,false
20250730,2025-07-30,2025,3,7,July,2025-07,31,30,3,Wednesday,false
20250731,2025-07-31,2025,3,7,July,2025-07,31,31,4,Thursday,false
20250801,2025-08-01,2025,3,8,August,2025-08,31,1,5,Friday,false
20250802,2025-08-02,2025,3,8,August,2025-08,31,2,6,Saturday,true
20250803,2025-08-03,2025,3,8,August,2025-08,31,3,7,Sunday,true
20250804,2025-08-04,2025,3,8,August,2025-08,32,4,1,Monday,false
20250805,2025-08-05,2025,3,8,August,2025-08,32,5,2,Tuesday,false
20250806,2025-08-06,2025,3,8,August,2025-08,32,6,3,Wednesday,false
20250807,2025-08-07,2025,3,8,August,2025-08,32,7,4,Thursday,false
20250808,2025-08-08,2025,3,8,August,2025-08,32,8,5,Friday,false
20250809,2025-08-09,2025,3,8,August,2025-08,32,9,6,Saturday,true
20250810,2025-08-10,2025,3,8,August,2025-08,32,10,7,Sunday,true
20250811,2025-08-11,2025,3,8,August,2025-08,33,11,1,Monday,false
20250812,2025-08-12,2025,3,8,August,2025-08,33,12,2,Tuesday,false
20250813,2025-08-13,2025,3,8,August,2025-08,33,13,3,Wednesday,false
20250814,2025-08-14,2025,3,8,August,2025-08,33,14,4,Thursday,false
20250815,2025-08-15,2025,3,8,August,2025-08,33,15,5,Friday,false
20250816,2025-08-16,2025,3,8,August,2025-08,33,16,6,Saturday,true
20250817,2025-08-17,2025,3,8,August,2025-08,33,17,7,Sunday,true
20250818,2025-08-18,2025,3,8,August,2025-08,34,18,1,Monday,false
20250819,2025-08-19,2025,3,8,August,2025-08,34,19,2,Tuesday,false
20250820,2025-08-20,2025,3,8,August,2025-08,34,20,3,Wednesday,false
20250821,2025-08-21,2025,3,8,August,2025-08,34,21,4,Thursday,false
20250822,2025-08-22,2025,3,8,August,2025-08,34,22,5,Friday,false
20250823,2025-08-23,2025,3,8,August,2025-08,34,23,6,Saturday,true
20250824,2025-08-24,2025,3,8,August,2025-08,34,24,7,Sunday,true
20250825,2025-08-25,2025,3,8,August,2025-08,35,25,1,Monday,false
20250826,2025-08-26,2025,3,8,August,2025-08,35,26,2,Tuesday,false
20250827,2025-08-27,2025,3,8,August,2025-08,35,27,3,Wednesday,false
20250828,2025-08-28,2025,3,8,August,2025-08,35,28,4,Thursday,false
20250829,2025-08-29,2025,3,8,August,2025-08,35,29,5,Friday,false
20250830,2025-08-30,2025,3,8,August,2025-08,35,30,6,Saturday,true
20250831,2025-08-31,2025,3,8,August,2025-08,35,31,7,Sunday,true
20250901,2025-09-01,2025,3,9,September,2025-09,36,1,1,Monday,false
20250902,2025-09-02,2025,3,9,September,2025-09,36,2,2,Tuesday,false
20250903,2025-09-03,2025,3,9,September,2025-09,36,3,3,Wednesday,false
20250904,2025-09-04,2025,3,9,September,2025-09,36,4,4,Thursday,false
20250905,2025-09-05,2025,3,9,September,2025-09,36,5,5,Friday,false
20250906,2025-09-06,2025,3,9,September,2025-09,36,6,6,Saturday,true
20250907,2025-09-07,2025,3,9,September,2025-09,36,7,7,Sunday,true
20250908,2025-09-08,2025,3,9,September,2025-09,37,8,1,Monday,false
20250909,2025-09-09,2025,3,9,September,2025-09,37,9,2,Tuesday,false
20250910,2025-09-10,2025,3,9,September,2025-09,37,10,3,Wednesday,false
20250911,2025-09-11,2025,3,9,September,2025-09,37,11,4,Thursday,false
20250912,2025-09-12,2025,3,9,September,2025-09,37,12,5,Friday,false
20250913,2025-09-13,2025,3,9,September,2025-09,37,13,6,Saturday,true
20250914,2025-09-14,2025,3,9,September,2025-09,37,14,7,Sunday,true
20250915,2025-09-15,2025,3,9,September,2025-09,38,15,1,Monday,false
20250916,2025-09-16,2025,3,9,September,2025-09,38,16,2,Tuesday,false
20250917,2025-09-17,2025,3,9,September,2025-09,38,17,3,Wednesday,false
20250918,2025-09-18,2025,3,9,September,2025-09,38,18,4,Thursday,false
20250919,2025-09-19,2025,3,9,September,2025-09,38,19,5,Friday,false
20250920,2025-09-20,2025,3,9,September,2025-09,38,20,6,Saturday,true
20250921,2025-09-21,2025,3,9,September,2025-09,38,21,7,Sunday,true
20250922,2025-09-22,2025,3,9,September,2025-09,39,22,1,Monday,false
20250923,2025-09-23,2025,3,9,September,2025-09,39,23,2,Tuesday,false
20250924,2025-09-24,2025,3,9,September,2025-09,39,24,3,Wednesday,false
20250925,2025-09-25,2025,3,9,September,2025-09,39,25,4,Thursday,false
20250926,2025-09-26,2025,3,9,September,2025-09,39,26,5,Friday,false
20250927,2025-09-27,2025,3,9,September,2025-09,39,27,6,Saturday,true
20250928,2025-09-28,2025,3,9,September,2025-09,39,28,7,Sunday,true
20250929,2025-09-29,2025,3,9,September,2025-09,40,29,1,Monday,false
20250930,2025-09-30,2025,3,9,September,2025-09,40,30,2,Tuesday,false
