periodo,canal,respuestas,promotores,pasivos,detractores,nps
2024-01-03,Tiendas Físicas,1,1,0,0,100.0
2024-01-03,Todos,1,1,0,0,100.0
2024-01-04,Tiendas Físicas,2,1,1,0,50.0
2024-01-04,Todos,2,1,1,0,50.0
2024-01-05,Tiendas Físicas,1,1,0,0,100.0
2024-01-05,Todos,1,1,0,0,100.0
2024-01-07,Tiendas Físicas,2,2,0,0,100.0
2024-01-07,Todos,2,2,0,0,100.0
2024-01-09,Tiendas Físicas,4,1,2,1,0.0
2024-01-09,Todos,4,1,2,1,0.0
2024-01-10,Tiendas Físicas,2,1,1,0,50.0
2024-01-10,Todos,2,1,1,0,50.0
2024-01-11,Tienda Online,2,2,0,0,100.0
2024-01-11,Todos,2,2,0,0,100.0
2024-01-12,Tienda Online,4,1,2,1,0.0
2024-01-12,Tiendas Físicas,3,1,2,0,33.333333333333336
2024-01-12,Todos,7,2,4,1,14.285714285714286
2024-01-13,Tienda Online,1,1,0,0,100.0
2024-01-13,Todos,1,1,0,0,100.0
2024-01-14,Tiendas Físicas,4,4,0,0,100.0
2024-01-14,Todos,4,4,0,0,100.0
2024-01-15,Tienda Online,2,1,1,0,50.0
2024-01-15,Todos,2,1,1,0,50.0
2024-01-16,Tienda Online,6,3,3,0,50.0
2024-01-16,Tiendas Físicas,2,1,1,0,50.0
2024-01-16,Todos,8,4,4,0,50.0
2024-01-17,Tienda Online,2,1,1,0,50.0
2024-01-17,Tiendas Físicas,1,0,0,1,-100.0
2024-01-17,Todos,3,1,1,1,0.0
2024-01-18,Tienda Online,4,2,1,1,25.0
2024-01-18,Tiendas Físicas,3,2,1,0,66.66666666666667
2024-01-18,Todos,7,4,2,1,42.857142857142854
2024-01-19,Tienda Online,3,1,2,0,33.333333333333336
2024-01-19,Tiendas Físicas,1,1,0,0,100.0
2024-01-19,Todos,4,2,2,0,50.0
2024-01-20,Tienda Online,2,1,0,1,0.0
2024-01-20,Tiendas Físicas,2,0,1,1,-50.0
2024-01-20,Todos,4,1,1,2,-25.0
2024-01-21,Tiendas Físicas,2,2,0,0,100.0
2024-01-21,Todos,2,2,0,0,100.0
2024-01-22,Tienda Online,2,0,2,0,0.0
2024-01-22,Tiendas Físicas,1,1,0,0,100.0
2024-01-22,Todos,3,1,2,0,33.333333333333336
2024-01-23,Tienda Online,3,1,1,1,0.0
2024-01-23,Tiendas Físicas,1,1,0,0,100.0
2024-01-23,Todos,4,2,1,1,25.0
2024-01-24,Tienda Online,1,0,1,0,0.0
2024-01-24,Tiendas Físicas,1,1,0,0,100.0
2024-01-24,Todos,2,1,1,0,50.0
2024-01-25,Tienda Online,3,2,1,0,66.66666666666667
2024-01-25,Tiendas Físicas,2,1,0,1,0.0
2024-01-25,Todos,5,3,1,1,40.0
2024-01-26,Tienda Online,3,0,1,2,-66.66666666666667
2024-01-26,Tiendas Físicas,1,1,0,0,100.0
2024-01-26,Todos,4,1,1,2,-25.0
2024-01-27,Tiendas Físicas,2,0,1,1,-50.0
2024-01-27,Todos,2,0,1,1,-50.0
2024-01-28,Tienda Online,1,0,1,0,0.0
2024-01-28,Tiendas Físicas,1,1,0,0,100.0
2024-01-28,Todos,2,1,1,0,50.0
2024-01-29,Tienda Online,2,1,1,0,50.0
2024-01-29,Todos,2,1,1,0,50.0
2024-01-30,Tienda Online,1,0,0,1,-100.0
2024-01-30,Tiendas Físicas,2,1,1,0,50.0
2024-01-30,Todos,3,1,1,1,0.0
2024-01-31,Tienda Online,2,2,0,0,100.0
2024-01-31,Todos,2,2,0,0,100.0
2024-02-01,Tienda Online,2,1,1,0,50.0
2024-02-01,Tiendas Físicas,4,3,0,1,50.0
2024-02-01,Todos,6,4,1,1,50.0
2024-02-02,Tienda Online,3,1,1,1,0.0
2024-02-02,Todos,3,1,1,1,0.0
2024-02-03,Tienda Online,2,1,1,0,50.0
2024-02-03,Tiendas Físicas,4,4,0,0,100.0
2024-02-03,Todos,6,5,1,0,83.33333333333333
2024-02-04,Tiendas Físicas,3,2,1,0,66.66666666666667
2024-02-04,Todos,3,2,1,0,66.66666666666667
2024-02-05,Tienda Online,1,0,0,1,-100.0
2024-02-05,Tiendas Físicas,1,0,0,1,-100.0
2024-02-05,Todos,2,0,0,2,-100.0
2024-02-06,Tienda Online,1,0,1,0,0.0
2024-02-06,Todos,1,0,1,0,0.0
2024-02-07,Tienda Online,3,1,1,1,0.0
2024-02-07,Tiendas Físicas,1,1,0,0,100.0
2024-02-07,Todos,4,2,1,1,25.0
2024-02-08,Tienda Online,2,0,1,1,-50.0
2024-02-08,Tiendas Físicas,2,1,1,0,50.0
2024-02-08,Todos,4,1,2,1,0.0
2024-02-09,Tienda Online,4,2,1,1,25.0
2024-02-09,Todos,4,2,1,1,25.0
2024-02-10,Tiendas Físicas,3,0,2,1,-33.333333333333336
2024-02-10,Todos,3,0,2,1,-33.333333333333336
2024-02-11,Tiendas Físicas,2,1,1,0,50.0
2024-02-11,Todos,2,1,1,0,50.0
2024-02-12,Tienda Online,3,2,0,1,33.333333333333336
2024-02-12,Tiendas Físicas,1,0,1,0,0.0
2024-02-12,Todos,4,2,1,1,25.0
2024-02-13,Tienda Online,3,1,1,1,0.0
2024-02-13,Todos,3,1,1,1,0.0
2024-02-14,Tienda Online,5,3,2,0,60.0
2024-02-14,Tiendas Físicas,3,0,2,1,-33.333333333333336
2024-02-14,Todos,8,3,4,1,25.0
2024-02-15,Tienda Online,2,1,1,0,50.0
2024-02-15,Todos,2,1,1,0,50.0
2024-02-16,Tienda Online,3,1,2,0,33.333333333333336
2024-02-16,Tiendas Físicas,1,0,0,1,-100.0
2024-02-16,Todos,4,1,2,1,0.0
2024-02-17,Tienda Online,2,0,2,0,0.0
2024-02-17,Tiendas Físicas,1,0,1,0,0.0
2024-02-17,Todos,3,0,3,0,0.0
2024-02-18,Tienda Online,1,0,1,0,0.0
2024-02-18,Tiendas Físicas,4,2,1,1,25.0
2024-02-18,Todos,5,2,2,1,20.0
2024-02-19,Tienda Online,1,1,0,0,100.0
2024-02-19,Todos,1,1,0,0,100.0
2024-02-20,Tienda Online,2,2,0,0,100.0
2024-02-20,Tiendas Físicas,4,1,3,0,25.0
2024-02-20,Todos,6,3,3,0,50.0
2024-02-21,Tienda Online,4,2,1,1,25.0
2024-02-21,Tiendas Físicas,2,1,1,0,50.0
2024-02-21,Todos,6,3,2,1,33.333333333333336
2024-02-22,Tienda Online,2,2,0,0,100.0
2024-02-22,Tiendas Físicas,3,3,0,0,100.0
2024-02-22,Todos,5,5,0,0,100.0
2024-02-23,Tienda Online,4,2,1,1,25.0
2024-02-23,Todos,4,2,1,1,25.0
2024-02-24,Tiendas Físicas,2,1,1,0,50.0
2024-02-24,Todos,2,1,1,0,50.0
2024-02-25,Tiendas Físicas,3,1,1,1,0.0
2024-02-25,Todos,3,1,1,1,0.0
2024-02-26,Tienda Online,2,0,1,1,-50.0
2024-02-26,Tiendas Físicas,1,0,1,0,0.0
2024-02-26,Todos,3,0,2,1,-33.333333333333336
2024-02-27,Tienda Online,3,2,1,0,66.66666666666667
2024-02-27,Tiendas Físicas,1,1,0,0,100.0
2024-02-27,Todos,4,3,1,0,75.0
2024-02-28,Tienda Online,2,1,0,1,0.0
2024-02-28,Tiendas Físicas,1,0,1,0,0.0
2024-02-28,Todos,3,1,1,1,0.0
2024-02-29,Tienda Online,8,3,3,2,12.5
2024-02-29,Tiendas Físicas,4,2,2,0,50.0
2024-02-29,Todos,12,5,5,2,25.0
2024-03-01,Tienda Online,6,4,2,0,66.66666666666667
2024-03-01,Tiendas Físicas,1,1,0,0,100.0
2024-03-01,Todos,7,5,2,0,71.42857142857143
2024-03-02,Tiendas Físicas,4,2,1,1,25.0
2024-03-02,Todos,4,2,1,1,25.0
2024-03-03,Tiendas Físicas,3,2,1,0,66.66666666666667
2024-03-03,Todos,3,2,1,0,66.66666666666667
2024-03-04,Tienda Online,1,0,0,1,-100.0
2024-03-04,Tiendas Físicas,1,1,0,0,100.0
2024-03-04,Todos,2,1,0,1,0.0
2024-03-05,Tienda Online,4,1,2,1,0.0
2024-03-05,Tiendas Físicas,2,1,1,0,50.0
2024-03-05,Todos,6,2,3,1,16.666666666666668
2024-03-06,Tienda Online,5,1,3,1,0.0
2024-03-06,Tiendas Físicas,1,1,0,0,100.0
2024-03-06,Todos,6,2,3,1,16.666666666666668
2024-03-07,Tienda Online,6,2,2,2,0.0
2024-03-07,Tiendas Físicas,2,2,0,0,100.0
2024-03-07,Todos,8,4,2,2,25.0
2024-03-08,Tienda Online,7,7,0,0,100.0
2024-03-08,Tiendas Físicas,3,1,1,1,0.0
2024-03-08,Todos,10,8,1,1,70.0
2024-03-09,Tienda Online,1,0,0,1,-100.0
2024-03-09,Tiendas Físicas,4,1,3,0,25.0
2024-03-09,Todos,5,1,3,1,0.0
2024-03-10,Tiendas Físicas,3,1,1,1,0.0
2024-03-10,Todos,3,1,1,1,0.0
2024-03-11,Tienda Online,4,3,1,0,75.0
2024-03-11,Tiendas Físicas,1,0,1,0,0.0
2024-03-11,Todos,5,3,2,0,60.0
2024-03-12,Tienda Online,6,4,1,1,50.0
2024-03-12,Tiendas Físicas,1,0,1,0,0.0
2024-03-12,Todos,7,4,2,1,42.857142857142854
2024-03-13,Tienda Online,3,1,1,1,0.0
2024-03-13,Tiendas Físicas,3,3,0,0,100.0
2024-03-13,Todos,6,4,1,1,50.0
2024-03-14,Tienda Online,8,2,5,1,12.5
2024-03-14,Tiendas Físicas,2,0,1,1,-50.0
2024-03-14,Todos,10,2,6,2,0.0
2024-03-15,Tienda Online,4,3,1,0,75.0
2024-03-15,Tiendas Físicas,2,0,2,0,0.0
2024-03-15,Todos,6,3,3,0,50.0
2024-03-17,Tiendas Físicas,3,1,1,1,0.0
2024-03-17,Todos,3,1,1,1,0.0
2024-03-18,Tienda Online,1,0,0,1,-100.0
2024-03-18,Tiendas Físicas,1,0,1,0,0.0
2024-03-18,Todos,2,0,1,1,-50.0
2024-03-19,Tienda Online,1,0,0,1,-100.0
2024-03-19,Tiendas Físicas,2,1,1,0,50.0
2024-03-19,Todos,3,1,1,1,0.0
2024-03-20,Tienda Online,3,2,1,0,66.66666666666667
2024-03-20,Tiendas Físicas,1,0,1,0,0.0
2024-03-20,Todos,4,2,2,0,50.0
2024-03-21,Tienda Online,3,0,2,1,-33.333333333333336
2024-03-21,Tiendas Físicas,3,2,1,0,66.66666666666667
2024-03-21,Todos,6,2,3,1,16.666666666666668
2024-03-22,Tienda Online,6,4,1,1,50.0
2024-03-22,Tiendas Físicas,3,1,1,1,0.0
2024-03-22,Todos,9,5,2,2,33.333333333333336
2024-03-23,Tienda Online,1,0,1,0,0.0
2024-03-23,Tiendas Físicas,1,0,1,0,0.0
2024-03-23,Todos,2,0,2,0,0.0
2024-03-24,Tiendas Físicas,3,0,2,1,-33.333333333333336
2024-03-24,Todos,3,0,2,1,-33.333333333333336
2024-03-25,Tienda Online,1,0,1,0,0.0
2024-03-25,Todos,1,0,1,0,0.0
2024-03-26,Tienda Online,5,2,3,0,40.0
2024-03-26,Todos,5,2,3,0,40.0
2024-03-27,Tienda Online,5,3,1,1,40.0
2024-03-27,Todos,5,3,1,1,40.0
2024-03-28,Tienda Online,6,0,4,2,-33.333333333333336
2024-03-28,Todos,6,0,4,2,-33.333333333333336
2024-03-29,Tienda Online,1,1,0,0,100.0
2024-03-29,Tiendas Físicas,1,1,0,0,100.0
2024-03-29,Todos,2,2,0,0,100.0
2024-03-30,Tiendas Físicas,2,1,1,0,50.0
2024-03-30,Todos,2,1,1,0,50.0
2024-03-31,Tiendas Físicas,3,2,0,1,33.333333333333336
2024-03-31,Todos,3,2,0,1,33.333333333333336
2024-04-01,Tienda Online,1,0,1,0,0.0
2024-04-01,Todos,1,0,1,0,0.0
2024-04-02,Tienda Online,5,2,1,2,0.0
2024-04-02,Todos,5,2,1,2,0.0
2024-04-03,Tienda Online,4,1,3,0,25.0
2024-04-03,Tiendas Físicas,2,0,1,1,-50.0
2024-04-03,Todos,6,1,4,1,0.0
2024-04-04,Tienda Online,4,1,2,1,0.0
2024-04-04,Tiendas Físicas,1,0,0,1,-100.0
2024-04-04,Todos,5,1,2,2,-20.0
2024-04-05,Tiendas Físicas,1,0,1,0,0.0
2024-04-05,Todos,1,0,1,0,0.0
2024-04-06,Tienda Online,1,1,0,0,100.0
2024-04-06,Tiendas Físicas,1,0,1,0,0.0
2024-04-06,Todos,2,1,1,0,50.0
2024-04-07,Tiendas Físicas,3,3,0,0,100.0
2024-04-07,Todos,3,3,0,0,100.0
2024-04-08,Tienda Online,3,1,2,0,33.333333333333336
2024-04-08,Todos,3,1,2,0,33.333333333333336
2024-04-09,Tienda Online,6,2,3,1,16.666666666666668
2024-04-09,Tiendas Físicas,3,2,1,0,66.66666666666667
2024-04-09,Todos,9,4,4,1,33.333333333333336
2024-04-10,Tienda Online,6,4,2,0,66.66666666666667
2024-04-10,Tiendas Físicas,2,1,1,0,50.0
2024-04-10,Todos,8,5,3,0,62.5
2024-04-11,Tienda Online,4,2,1,1,25.0
2024-04-11,Tiendas Físicas,3,2,0,1,33.333333333333336
2024-04-11,Todos,7,4,1,2,28.571428571428573
2024-04-12,Tienda Online,5,1,3,1,0.0
2024-04-12,Tiendas Físicas,1,0,1,0,0.0
2024-04-12,Todos,6,1,4,1,0.0
2024-04-13,Tiendas Físicas,1,0,1,0,0.0
2024-04-13,Todos,1,0,1,0,0.0
2024-04-14,Tiendas Físicas,2,0,2,0,0.0
2024-04-14,Todos,2,0,2,0,0.0
2024-04-15,Tienda Online,2,0,2,0,0.0
2024-04-15,Tiendas Físicas,2,1,1,0,50.0
2024-04-15,Todos,4,1,3,0,25.0
2024-04-16,Tienda Online,3,1,0,2,-33.333333333333336
2024-04-16,Tiendas Físicas,3,1,1,1,0.0
2024-04-16,Todos,6,2,1,3,-16.666666666666668
2024-04-17,Tienda Online,4,1,2,1,0.0
2024-04-17,Tiendas Físicas,1,0,1,0,0.0
2024-04-17,Todos,5,1,3,1,0.0
2024-04-18,Tienda Online,11,5,5,1,36.36363636363637
2024-04-18,Tiendas Físicas,2,1,1,0,50.0
2024-04-18,Todos,13,6,6,1,38.46153846153846
2024-04-19,Tienda Online,3,0,2,1,-33.333333333333336
2024-04-19,Tiendas Físicas,1,0,1,0,0.0
2024-04-19,Todos,4,0,3,1,-25.0
2024-04-20,Tienda Online,1,0,1,0,0.0
2024-04-20,Tiendas Físicas,3,1,2,0,33.333333333333336
2024-04-20,Todos,4,1,3,0,25.0
2024-04-21,Tienda Online,1,0,1,0,0.0
2024-04-21,Tiendas Físicas,2,2,0,0,100.0
2024-04-21,Todos,3,2,1,0,66.66666666666667
2024-04-22,Tienda Online,5,3,2,0,60.0
2024-04-22,Todos,5,3,2,0,60.0
2024-04-23,Tienda Online,4,2,2,0,50.0
2024-04-23,Tiendas Físicas,2,1,1,0,50.0
2024-04-23,Todos,6,3,3,0,50.0
2024-04-24,Tienda Online,1,0,0,1,-100.0
2024-04-24,Tiendas Físicas,1,1,0,0,100.0
2024-04-24,Todos,2,1,0,1,0.0
2024-04-25,Tienda Online,2,0,0,2,-100.0
2024-04-25,Tiendas Físicas,1,1,0,0,100.0
2024-04-25,Todos,3,1,0,2,-33.333333333333336
2024-04-26,Tienda Online,2,2,0,0,100.0
2024-04-26,Tiendas Físicas,1,0,0,1,-100.0
2024-04-26,Todos,3,2,0,1,33.333333333333336
2024-04-27,Tiendas Físicas,4,2,2,0,50.0
2024-04-27,Todos,4,2,2,0,50.0
2024-04-29,Tienda Online,1,0,0,1,-100.0
2024-04-29,Todos,1,0,0,1,-100.0
2024-04-30,Tienda Online,1,0,0,1,-100.0
2024-04-30,Tiendas Físicas,1,1,0,0,100.0
2024-04-30,Todos,2,1,0,1,0.0
2024-05-01,Tienda Online,1,1,0,0,100.0
2024-05-01,Tiendas Físicas,2,2,0,0,100.0
2024-05-01,Todos,3,3,0,0,100.0
2024-05-02,Tienda Online,4,0,3,1,-25.0
2024-05-02,Tiendas Físicas,1,1,0,0,100.0
2024-05-02,Todos,5,1,3,1,0.0
2024-05-03,Tienda Online,6,2,4,0,33.333333333333336
2024-05-03,Todos,6,2,4,0,33.333333333333336
2024-05-04,Tiendas Físicas,1,0,0,1,-100.0
2024-05-04,Todos,1,0,0,1,-100.0
2024-05-05,Tiendas Físicas,2,1,0,1,0.0
2024-05-05,Todos,2,1,0,1,0.0
2024-05-06,Tiendas Físicas,1,0,1,0,0.0
2024-05-06,Todos,1,0,1,0,0.0
2024-05-07,Tienda Online,8,3,3,2,12.5
2024-05-07,Todos,8,3,3,2,12.5
2024-05-08,Tienda Online,1,0,1,0,0.0
2024-05-08,Tiendas Físicas,2,1,1,0,50.0
2024-05-08,Todos,3,1,2,0,33.333333333333336
2024-05-09,Tienda Online,3,2,1,0,66.66666666666667
2024-05-09,Tiendas Físicas,1,0,0,1,-100.0
2024-05-09,Todos,4,2,1,1,25.0
2024-05-10,Tienda Online,2,1,1,0,50.0
2024-05-10,Todos,2,1,1,0,50.0
2024-05-11,Tienda Online,1,0,0,1,-100.0
2024-05-11,Tiendas Físicas,4,2,2,0,50.0
2024-05-11,Todos,5,2,2,1,20.0
2024-05-12,Tiendas Físicas,2,1,1,0,50.0
2024-05-12,Todos,2,1,1,0,50.0
2024-05-13,Tienda Online,8,4,2,2,25.0
2024-05-13,Tiendas Físicas,2,2,0,0,100.0
2024-05-13,Todos,10,6,2,2,40.0
2024-05-14,Tiendas Físicas,1,1,0,0,100.0
2024-05-14,Todos,1,1,0,0,100.0
2024-05-15,Tienda Online,7,1,4,2,-14.285714285714286
2024-05-15,Tiendas Físicas,2,1,1,0,50.0
2024-05-15,Todos,9,2,5,2,0.0
2024-05-16,Tienda Online,2,1,1,0,50.0
2024-05-16,Tiendas Físicas,2,2,0,0,100.0
2024-05-16,Todos,4,3,1,0,75.0
2024-05-17,Tienda Online,2,0,2,0,0.0
2024-05-17,Tiendas Físicas,1,1,0,0,100.0
2024-05-17,Todos,3,1,2,0,33.333333333333336
2024-05-18,Tiendas Físicas,1,1,0,0,100.0
2024-05-18,Todos,1,1,0,0,100.0
2024-05-19,Tienda Online,1,1,0,0,100.0
2024-05-19,Tiendas Físicas,2,2,0,0,100.0
2024-05-19,Todos,3,3,0,0,100.0
2024-05-21,Tienda Online,1,0,1,0,0.0
2024-05-21,Tiendas Físicas,2,0,2,0,0.0
2024-05-21,Todos,3,0,3,0,0.0
2024-05-22,Tienda Online,1,1,0,0,100.0
2024-05-22,Todos,1,1,0,0,100.0
2024-05-23,Tienda Online,4,2,2,0,50.0
2024-05-23,Tiendas Físicas,4,2,2,0,50.0
2024-05-23,Todos,8,4,4,0,50.0
2024-05-24,Tienda Online,3,2,1,0,66.66666666666667
2024-05-24,Tiendas Físicas,2,0,1,1,-50.0
2024-05-24,Todos,5,2,2,1,20.0
2024-05-25,Tienda Online,1,1,0,0,100.0
2024-05-25,Tiendas Físicas,3,2,1,0,66.66666666666667
2024-05-25,Todos,4,3,1,0,75.0
2024-05-26,Tiendas Físicas,1,0,0,1,-100.0
2024-05-26,Todos,1,0,0,1,-100.0
2024-05-27,Tienda Online,2,0,2,0,0.0
2024-05-27,Todos,2,0,2,0,0.0
2024-05-28,Tienda Online,10,7,2,1,60.0
2024-05-28,Tiendas Físicas,3,3,0,0,100.0
2024-05-28,Todos,13,10,2,1,69.23076923076923
2024-05-29,Tienda Online,6,3,1,2,16.666666666666668
2024-05-29,Tiendas Físicas,2,1,1,0,50.0
2024-05-29,Todos,8,4,2,2,25.0
2024-05-30,Tienda Online,8,2,4,2,0.0
2024-05-30,Tiendas Físicas,4,1,1,2,-25.0
2024-05-30,Todos,12,3,5,4,-8.333333333333334
2024-05-31,Tienda Online,2,0,2,0,0.0
2024-05-31,Tiendas Físicas,2,0,2,0,0.0
2024-05-31,Todos,4,0,4,0,0.0
2024-06-01,Tiendas Físicas,3,1,2,0,33.333333333333336
2024-06-01,Todos,3,1,2,0,33.333333333333336
2024-06-02,Tiendas Físicas,2,2,0,0,100.0
2024-06-02,Todos,2,2,0,0,100.0
2024-06-03,Tienda Online,3,1,2,0,33.333333333333336
2024-06-03,Tiendas Físicas,1,1,0,0,100.0
2024-06-03,Todos,4,2,2,0,50.0
2024-06-04,Tienda Online,2,1,0,1,0.0
2024-06-04,Tiendas Físicas,1,1,0,0,100.0
2024-06-04,Todos,3,2,0,1,33.333333333333336
2024-06-05,Tienda Online,2,0,0,2,-100.0
2024-06-05,Tiendas Físicas,2,2,0,0,100.0
2024-06-05,Todos,4,2,0,2,0.0
2024-06-06,Tienda Online,10,5,3,2,30.0
2024-06-06,Tiendas Físicas,2,1,0,1,0.0
2024-06-06,Todos,12,6,3,3,25.0
2024-06-07,Tienda Online,2,0,1,1,-50.0
2024-06-07,Tiendas Físicas,2,1,1,0,50.0
2024-06-07,Todos,4,1,2,1,0.0
2024-06-08,Tienda Online,1,0,0,1,-100.0
2024-06-08,Tiendas Físicas,2,0,1,1,-50.0
2024-06-08,Todos,3,0,1,2,-66.66666666666667
2024-06-09,Tiendas Físicas,2,1,1,0,50.0
2024-06-09,Todos,2,1,1,0,50.0
2024-06-10,Tiendas Físicas,1,0,1,0,0.0
2024-06-10,Todos,1,0,1,0,0.0
2024-06-11,Tienda Online,1,1,0,0,100.0
2024-06-11,Tiendas Físicas,1,0,1,0,0.0
2024-06-11,Todos,2,1,1,0,50.0
2024-06-12,Tienda Online,3,3,0,0,100.0
2024-06-12,Tiendas Físicas,4,0,4,0,0.0
2024-06-12,Todos,7,3,4,0,42.857142857142854
2024-06-13,Tienda Online,5,3,1,1,40.0
2024-06-13,Tiendas Físicas,3,0,2,1,-33.333333333333336
2024-06-13,Todos,8,3,3,2,12.5
2024-06-14,Tienda Online,1,0,1,0,0.0
2024-06-14,Tiendas Físicas,4,2,1,1,25.0
2024-06-14,Todos,5,2,2,1,20.0
2024-06-15,Tiendas Físicas,8,6,1,1,62.5
2024-06-15,Todos,8,6,1,1,62.5
2024-06-16,Tienda Online,1,1,0,0,100.0
2024-06-16,Tiendas Físicas,3,2,1,0,66.66666666666667
2024-06-16,Todos,4,3,1,0,75.0
2024-06-17,Tienda Online,3,0,2,1,-33.333333333333336
2024-06-17,Tiendas Físicas,1,0,1,0,0.0
2024-06-17,Todos,4,0,3,1,-25.0
2024-06-18,Tienda Online,4,2,2,0,50.0
2024-06-18,Tiendas Físicas,1,1,0,0,100.0
2024-06-18,Todos,5,3,2,0,60.0
2024-06-19,Tienda Online,7,3,4,0,42.857142857142854
2024-06-19,Todos,7,3,4,0,42.857142857142854
2024-06-20,Tienda Online,5,2,2,1,20.0
2024-06-20,Tiendas Físicas,1,0,1,0,0.0
2024-06-20,Todos,6,2,3,1,16.666666666666668
2024-06-21,Tienda Online,8,3,4,1,25.0
2024-06-21,Tiendas Físicas,1,0,0,1,-100.0
2024-06-21,Todos,9,3,4,2,11.11111111111111
2024-06-22,Tienda Online,1,0,1,0,0.0
2024-06-22,Tiendas Físicas,3,3,0,0,100.0
2024-06-22,Todos,4,3,1,0,75.0
2024-06-23,Tiendas Físicas,1,0,1,0,0.0
2024-06-23,Todos,1,0,1,0,0.0
2024-06-24,Tienda Online,6,2,4,0,33.333333333333336
2024-06-24,Todos,6,2,4,0,33.333333333333336
2024-06-25,Tienda Online,5,3,2,0,60.0
2024-06-25,Tiendas Físicas,2,1,1,0,50.0
2024-06-25,Todos,7,4,3,0,57.142857142857146
2024-06-26,Tienda Online,5,3,0,2,20.0
2024-06-26,Todos,5,3,0,2,20.0
2024-06-27,Tienda Online,7,4,3,0,57.142857142857146
2024-06-27,Tiendas Físicas,3,2,1,0,66.66666666666667
2024-06-27,Todos,10,6,4,0,60.0
2024-06-28,Tienda Online,5,2,3,0,40.0
2024-06-28,Tiendas Físicas,1,0,1,0,0.0
2024-06-28,Todos,6,2,4,0,33.333333333333336
2024-06-29,Tienda Online,2,0,2,0,0.0
2024-06-29,Tiendas Físicas,2,1,1,0,50.0
2024-06-29,Todos,4,1,3,0,25.0
2024-06-30,Tiendas Físicas,3,1,2,0,33.333333333333336
2024-06-30,Todos,3,1,2,0,33.333333333333336
2024-07-01,Tienda Online,1,0,1,0,0.0
2024-07-01,Tiendas Físicas,1,0,1,0,0.0
2024-07-01,Todos,2,0,2,0,0.0
2024-07-03,Tienda Online,2,1,1,0,50.0
2024-07-03,Tiendas Físicas,1,1,0,0,100.0
2024-07-03,Todos,3,2,1,0,66.66666666666667
2024-07-04,Tienda Online,1,0,1,0,0.0
2024-07-04,Tiendas Físicas,1,1,0,0,100.0
2024-07-04,Todos,2,1,1,0,50.0
2024-07-05,Tienda Online,6,4,0,2,33.333333333333336
2024-07-05,Todos,6,4,0,2,33.333333333333336
2024-07-06,Tiendas Físicas,4,2,1,1,25.0
2024-07-06,Todos,4,2,1,1,25.0
2024-07-07,Tiendas Físicas,1,1,0,0,100.0
2024-07-07,Todos,1,1,0,0,100.0
2024-07-08,Tienda Online,2,0,2,0,0.0
2024-07-08,Tiendas Físicas,2,1,0,1,0.0
2024-07-08,Todos,4,1,2,1,0.0
2024-07-09,Tienda Online,4,2,2,0,50.0
2024-07-09,Todos,4,2,2,0,50.0
2024-07-10,Tienda Online,1,0,1,0,0.0
2024-07-10,Tiendas Físicas,2,2,0,0,100.0
2024-07-10,Todos,3,2,1,0,66.66666666666667
2024-07-11,Tienda Online,1,0,1,0,0.0
2024-07-11,Todos,1,0,1,0,0.0
2024-07-12,Tienda Online,2,0,1,1,-50.0
2024-07-12,Tiendas Físicas,1,1,0,0,100.0
2024-07-12,Todos,3,1,1,1,0.0
2024-07-13,Tiendas Físicas,2,1,1,0,50.0
2024-07-13,Todos,2,1,1,0,50.0
2024-07-15,Tienda Online,1,0,1,0,0.0
2024-07-15,Tiendas Físicas,1,0,1,0,0.0
2024-07-15,Todos,2,0,2,0,0.0
2024-07-16,Tienda Online,1,0,0,1,-100.0
2024-07-16,Todos,1,0,0,1,-100.0
2024-07-17,Tienda Online,2,0,0,2,-100.0
2024-07-17,Tiendas Físicas,2,2,0,0,100.0
2024-07-17,Todos,4,2,0,2,0.0
2024-07-18,Tienda Online,4,2,0,2,0.0
2024-07-18,Tiendas Físicas,1,1,0,0,100.0
2024-07-18,Todos,5,3,0,2,20.0
2024-07-19,Tienda Online,6,2,1,3,-16.666666666666668
2024-07-19,Tiendas Físicas,3,1,2,0,33.333333333333336
2024-07-19,Todos,9,3,3,3,0.0
2024-07-20,Tiendas Físicas,1,0,1,0,0.0
2024-07-20,Todos,1,0,1,0,0.0
2024-07-21,Tiendas Físicas,5,1,2,2,-20.0
2024-07-21,Todos,5,1,2,2,-20.0
2024-07-22,Tiendas Físicas,2,0,0,2,-100.0
2024-07-22,Todos,2,0,0,2,-100.0
2024-07-23,Tienda Online,3,0,0,3,-100.0
2024-07-23,Tiendas Físicas,1,1,0,0,100.0
2024-07-23,Todos,4,1,0,3,-50.0
2024-07-24,Tienda Online,2,2,0,0,100.0
2024-07-24,Tiendas Físicas,3,2,0,1,33.333333333333336
2024-07-24,Todos,5,4,0,1,60.0
2024-07-25,Tienda Online,4,1,1,2,-25.0
2024-07-25,Tiendas Físicas,1,1,0,0,100.0
2024-07-25,Todos,5,2,1,2,0.0
2024-07-26,Tiendas Físicas,2,0,1,1,-50.0
2024-07-26,Todos,2,0,1,1,-50.0
2024-07-27,Tienda Online,1,0,1,0,0.0
2024-07-27,Tiendas Físicas,2,0,2,0,0.0
2024-07-27,Todos,3,0,3,0,0.0
2024-07-28,Tiendas Físicas,4,4,0,0,100.0
2024-07-28,Todos,4,4,0,0,100.0
2024-07-29,Tiendas Físicas,3,2,1,0,66.66666666666667
2024-07-29,Todos,3,2,1,0,66.66666666666667
2024-07-30,Tienda Online,3,2,1,0,66.66666666666667
2024-07-30,Todos,3,2,1,0,66.66666666666667
2024-07-31,Tienda Online,3,0,0,3,-100.0
2024-07-31,Tiendas Físicas,1,1,0,0,100.0
2024-07-31,Todos,4,1,0,3,-50.0
2024-08-01,Tienda Online,2,2,0,0,100.0
2024-08-01,Tiendas Físicas,1,1,0,0,100.0
2024-08-01,Todos,3,3,0,0,100.0
2024-08-02,Tienda Online,2,0,1,1,-50.0
2024-08-02,Tiendas Físicas,3,2,1,0,66.66666666666667
2024-08-02,Todos,5,2,2,1,20.0
2024-08-03,Tienda Online,1,1,0,0,100.0
2024-08-03,Tiendas Físicas,1,1,0,0,100.0
2024-08-03,Todos,2,2,0,0,100.0
2024-08-04,Tiendas Físicas,3,1,1,1,0.0
2024-08-04,Todos,3,1,1,1,0.0
2024-08-05,Tienda Online,1,0,0,1,-100.0
2024-08-05,Tiendas Físicas,1,0,1,0,0.0
2024-08-05,Todos,2,0,1,1,-50.0
2024-08-06,Tiendas Físicas,2,1,0,1,0.0
2024-08-06,Todos,2,1,0,1,0.0
2024-08-07,Tienda Online,5,1,1,3,-40.0
2024-08-07,Tiendas Físicas,1,0,1,0,0.0
2024-08-07,Todos,6,1,2,3,-33.333333333333336
2024-08-08,Tienda Online,3,1,1,1,0.0
2024-08-08,Tiendas Físicas,2,1,1,0,50.0
2024-08-08,Todos,5,2,2,1,20.0
2024-08-09,Tienda Online,3,1,1,1,0.0
2024-08-09,Tiendas Físicas,3,1,1,1,0.0
2024-08-09,Todos,6,2,2,2,0.0
2024-08-10,Tienda Online,1,0,1,0,0.0
2024-08-10,Tiendas Físicas,3,1,2,0,33.333333333333336
2024-08-10,Todos,4,1,3,0,25.0
2024-08-11,Tiendas Físicas,3,3,0,0,100.0
2024-08-11,Todos,3,3,0,0,100.0
2024-08-12,Tienda Online,1,0,0,1,-100.0
2024-08-12,Tiendas Físicas,1,1,0,0,100.0
2024-08-12,Todos,2,1,0,1,0.0
2024-08-13,Tienda Online,4,0,2,2,-50.0
2024-08-13,Todos,4,0,2,2,-50.0
2024-08-14,Tienda Online,4,2,0,2,0.0
2024-08-14,Tiendas Físicas,2,2,0,0,100.0
2024-08-14,Todos,6,4,0,2,33.333333333333336
2024-08-15,Tienda Online,3,0,3,0,0.0
2024-08-15,Todos,3,0,3,0,0.0
2024-08-16,Tienda Online,5,1,2,2,-20.0
2024-08-16,Tiendas Físicas,3,2,1,0,66.66666666666667
2024-08-16,Todos,8,3,3,2,12.5
2024-08-17,Tienda Online,2,0,0,2,-100.0
2024-08-17,Tiendas Físicas,4,2,2,0,50.0
2024-08-17,Todos,6,2,2,2,0.0
2024-08-18,Tiendas Físicas,2,1,1,0,50.0
2024-08-18,Todos,2,1,1,0,50.0
2024-08-19,Tienda Online,3,0,1,2,-66.66666666666667
2024-08-19,Tiendas Físicas,1,1,0,0,100.0
2024-08-19,Todos,4,1,1,2,-25.0
2024-08-20,Tiendas Físicas,1,0,1,0,0.0
2024-08-20,Todos,1,0,1,0,0.0
2024-08-21,Tienda Online,2,1,0,1,0.0
2024-08-21,Tiendas Físicas,1,1,0,0,100.0
2024-08-21,Todos,3,2,0,1,33.333333333333336
2024-08-22,Tienda Online,2,0,1,1,-50.0
2024-08-22,Tiendas Físicas,1,0,0,1,-100.0
2024-08-22,Todos,3,0,1,2,-66.66666666666667
2024-08-23,Tienda Online,3,2,0,1,33.333333333333336
2024-08-23,Tiendas Físicas,1,1,0,0,100.0
2024-08-23,Todos,4,3,0,1,50.0
2024-08-24,Tiendas Físicas,5,3,1,1,40.0
2024-08-24,Todos,5,3,1,1,40.0
2024-08-26,Tienda Online,1,0,0,1,-100.0
2024-08-26,Tiendas Físicas,1,0,1,0,0.0
2024-08-26,Todos,2,0,1,1,-50.0
2024-08-27,Tienda Online,3,1,0,2,-33.333333333333336
2024-08-27,Todos,3,1,0,2,-33.333333333333336
2024-08-28,Tienda Online,5,2,1,2,0.0
2024-08-28,Tiendas Físicas,1,0,1,0,0.0
2024-08-28,Todos,6,2,2,2,0.0
2024-08-29,Tienda Online,6,1,0,5,-66.66666666666667
2024-08-29,Tiendas Físicas,4,2,2,0,50.0
2024-08-29,Todos,10,3,2,5,-20.0
2024-08-30,Tienda Online,6,0,3,3,-50.0
2024-08-30,Tiendas Físicas,1,1,0,0,100.0
2024-08-30,Todos,7,1,3,3,-28.571428571428573
2024-09-01,Tiendas Físicas,5,3,2,0,60.0
2024-09-01,Todos,5,3,2,0,60.0
2024-09-02,Tienda Online,7,1,2,4,-42.857142857142854
2024-09-02,Tiendas Físicas,2,2,0,0,100.0
2024-09-02,Todos,9,3,2,4,-11.11111111111111
2024-09-03,Tienda Online,2,0,0,2,-100.0
2024-09-03,Tiendas Físicas,5,2,2,1,20.0
2024-09-03,Todos,7,2,2,3,-14.285714285714286
2024-09-04,Tienda Online,2,0,1,1,-50.0
2024-09-04,Tiendas Físicas,2,1,1,0,50.0
2024-09-04,Todos,4,1,2,1,0.0
2024-09-05,Tienda Online,4,0,1,3,-75.0
2024-09-05,Tiendas Físicas,2,0,0,2,-100.0
2024-09-05,Todos,6,0,1,5,-83.33333333333333
2024-09-06,Tienda Online,7,0,2,5,-71.42857142857143
2024-09-06,Tiendas Físicas,2,1,1,0,50.0
2024-09-06,Todos,9,1,3,5,-44.44444444444444
2024-09-07,Tienda Online,2,1,0,1,0.0
2024-09-07,Tiendas Físicas,3,2,1,0,66.66666666666667
2024-09-07,Todos,5,3,1,1,40.0
2024-09-08,Tiendas Físicas,2,0,2,0,0.0
2024-09-08,Todos,2,0,2,0,0.0
2024-09-09,Tienda Online,1,0,0,1,-100.0
2024-09-09,Todos,1,0,0,1,-100.0
2024-09-10,Tienda Online,4,1,0,3,-50.0
2024-09-10,Tiendas Físicas,3,1,2,0,33.333333333333336
2024-09-10,Todos,7,2,2,3,-14.285714285714286
2024-09-11,Tienda Online,5,1,3,1,0.0
2024-09-11,Tiendas Físicas,3,0,1,2,-66.66666666666667
2024-09-11,Todos,8,1,4,3,-25.0
2024-09-12,Tienda Online,10,1,5,4,-30.0
2024-09-12,Tiendas Físicas,1,0,1,0,0.0
2024-09-12,Todos,11,1,6,4,-27.272727272727273
2024-09-13,Tienda Online,12,5,5,2,25.0
2024-09-13,Tiendas Físicas,1,1,0,0,100.0
2024-09-13,Todos,13,6,5,2,30.76923076923077
2024-09-14,Tienda Online,1,0,1,0,0.0
2024-09-14,Tiendas Físicas,1,0,1,0,0.0
2024-09-14,Todos,2,0,2,0,0.0
2024-09-15,Tiendas Físicas,2,1,0,1,0.0
2024-09-15,Todos,2,1,0,1,0.0
2024-09-16,Tienda Online,4,0,0,4,-100.0
2024-09-16,Tiendas Físicas,1,1,0,0,100.0
2024-09-16,Todos,5,1,0,4,-60.0
2024-09-17,Tienda Online,2,2,0,0,100.0
2024-09-17,Tiendas Físicas,2,0,1,1,-50.0
2024-09-17,Todos,4,2,1,1,25.0
2024-09-18,Tienda Online,6,4,0,2,33.333333333333336
2024-09-18,Tiendas Físicas,2,1,0,1,0.0
2024-09-18,Todos,8,5,0,3,25.0
2024-09-19,Tienda Online,4,2,2,0,50.0
2024-09-19,Todos,4,2,2,0,50.0
2024-09-20,Tienda Online,8,4,4,0,50.0
2024-09-20,Tiendas Físicas,1,1,0,0,100.0
2024-09-20,Todos,9,5,4,0,55.55555555555556
2024-09-21,Tienda Online,1,1,0,0,100.0
2024-09-21,Tiendas Físicas,2,1,1,0,50.0
2024-09-21,Todos,3,2,1,0,66.66666666666667
2024-09-22,Tiendas Físicas,1,1,0,0,100.0
2024-09-22,Todos,1,1,0,0,100.0
2024-09-23,Tienda Online,2,0,2,0,0.0
2024-09-23,Todos,2,0,2,0,0.0
2024-09-24,Tienda Online,1,1,0,0,100.0
2024-09-24,Tiendas Físicas,5,2,2,1,20.0
2024-09-24,Todos,6,3,2,1,33.333333333333336
2024-09-25,Tienda Online,7,5,1,1,57.142857142857146
2024-09-25,Tiendas Físicas,3,3,0,0,100.0
2024-09-25,Todos,10,8,1,1,70.0
2024-09-26,Tienda Online,10,4,5,1,30.0
2024-09-26,Tiendas Físicas,4,3,0,1,50.0
2024-09-26,Todos,14,7,5,2,35.714285714285715
2024-09-27,Tienda Online,1,0,1,0,0.0
2024-09-27,Tiendas Físicas,2,1,1,0,50.0
2024-09-27,Todos,3,1,2,0,33.333333333333336
2024-09-28,Tienda Online,1,0,1,0,0.0
2024-09-28,Tiendas Físicas,1,1,0,0,100.0
2024-09-28,Todos,2,1,1,0,50.0
2024-09-29,Tiendas Físicas,4,3,1,0,75.0
2024-09-29,Todos,4,3,1,0,75.0
2024-09-30,Tienda Online,2,0,2,0,0.0
2024-09-30,Todos,2,0,2,0,0.0
2024-10-01,Tienda Online,2,1,0,1,0.0
2024-10-01,Tiendas Físicas,2,1,1,0,50.0
2024-10-01,Todos,4,2,1,1,25.0
2024-10-02,Tienda Online,5,2,3,0,40.0
2024-10-02,Tiendas Físicas,1,1,0,0,100.0
2024-10-02,Todos,6,3,3,0,50.0
2024-10-03,Tienda Online,6,2,3,1,16.666666666666668
2024-10-03,Tiendas Físicas,3,0,2,1,-33.333333333333336
2024-10-03,Todos,9,2,5,2,0.0
2024-10-04,Tienda Online,2,2,0,0,100.0
2024-10-04,Tiendas Físicas,2,1,1,0,50.0
2024-10-04,Todos,4,3,1,0,75.0
2024-10-05,Tienda Online,1,0,1,0,0.0
2024-10-05,Tiendas Físicas,1,1,0,0,100.0
2024-10-05,Todos,2,1,1,0,50.0
2024-10-06,Tiendas Físicas,1,1,0,0,100.0
2024-10-06,Todos,1,1,0,0,100.0
2024-10-07,Tienda Online,4,2,2,0,50.0
2024-10-07,Todos,4,2,2,0,50.0
2024-10-08,Tienda Online,2,1,1,0,50.0
2024-10-08,Todos,2,1,1,0,50.0
2024-10-09,Tienda Online,1,1,0,0,100.0
2024-10-09,Todos,1,1,0,0,100.0
2024-10-10,Tienda Online,5,2,3,0,40.0
2024-10-10,Tiendas Físicas,1,0,1,0,0.0
2024-10-10,Todos,6,2,4,0,33.333333333333336
2024-10-11,Tienda Online,1,0,1,0,0.0
2024-10-11,Tiendas Físicas,1,0,1,0,0.0
2024-10-11,Todos,2,0,2,0,0.0
2024-10-12,Tienda Online,1,0,1,0,0.0
2024-10-12,Tiendas Físicas,2,0,2,0,0.0
2024-10-12,Todos,3,0,3,0,0.0
2024-10-13,Tiendas Físicas,3,2,0,1,33.333333333333336
2024-10-13,Todos,3,2,0,1,33.333333333333336
2024-10-14,Tienda Online,1,1,0,0,100.0
2024-10-14,Tiendas Físicas,1,1,0,0,100.0
2024-10-14,Todos,2,2,0,0,100.0
2024-10-15,Tienda Online,3,1,2,0,33.333333333333336
2024-10-15,Todos,3,1,2,0,33.333333333333336
2024-10-16,Tienda Online,4,1,3,0,25.0
2024-10-16,Tiendas Físicas,2,2,0,0,100.0
2024-10-16,Todos,6,3,3,0,50.0
2024-10-17,Tiendas Físicas,2,1,1,0,50.0
2024-10-17,Todos,2,1,1,0,50.0
2024-10-18,Tienda Online,4,1,1,2,-25.0
2024-10-18,Tiendas Físicas,3,2,0,1,33.333333333333336
2024-10-18,Todos,7,3,1,3,0.0
2024-10-19,Tienda Online,1,1,0,0,100.0
2024-10-19,Tiendas Físicas,3,1,2,0,33.333333333333336
2024-10-19,Todos,4,2,2,0,50.0
2024-10-20,Tiendas Físicas,2,0,1,1,-50.0
2024-10-20,Todos,2,0,1,1,-50.0
2024-10-22,Tienda Online,7,5,2,0,71.42857142857143
2024-10-22,Tiendas Físicas,2,1,1,0,50.0
2024-10-22,Todos,9,6,3,0,66.66666666666667
2024-10-23,Tienda Online,16,7,6,3,25.0
2024-10-23,Todos,16,7,6,3,25.0
2024-10-24,Tienda Online,7,4,2,1,42.857142857142854
2024-10-24,Tiendas Físicas,2,1,0,1,0.0
2024-10-24,Todos,9,5,2,2,33.333333333333336
2024-10-25,Tienda Online,4,2,1,1,25.0
2024-10-25,Todos,4,2,1,1,25.0
2024-10-26,Tienda Online,1,1,0,0,100.0
2024-10-26,Tiendas Físicas,1,1,0,0,100.0
2024-10-26,Todos,2,2,0,0,100.0
2024-10-27,Tiendas Físicas,1,1,0,0,100.0
2024-10-27,Todos,1,1,0,0,100.0
2024-10-28,Tienda Online,5,1,3,1,0.0
2024-10-28,Tiendas Físicas,1,0,1,0,0.0
2024-10-28,Todos,6,1,4,1,0.0
2024-10-29,Tienda Online,4,2,1,1,25.0
2024-10-29,Tiendas Físicas,1,1,0,0,100.0
2024-10-29,Todos,5,3,1,1,40.0
2024-10-30,Tienda Online,2,1,0,1,0.0
2024-10-30,Tiendas Físicas,2,2,0,0,100.0
2024-10-30,Todos,4,3,0,1,50.0
2024-10-31,Tienda Online,5,1,4,0,20.0
2024-10-31,Tiendas Físicas,2,1,1,0,50.0
2024-10-31,Todos,7,2,5,0,28.571428571428573
2024-11-01,Tienda Online,5,1,4,0,20.0
2024-11-01,Tiendas Físicas,1,0,1,0,0.0
2024-11-01,Todos,6,1,5,0,16.666666666666668
2024-11-02,Tienda Online,1,0,1,0,0.0
2024-11-02,Tiendas Físicas,3,2,1,0,66.66666666666667
2024-11-02,Todos,4,2,2,0,50.0
2024-11-03,Tiendas Físicas,3,1,1,1,0.0
2024-11-03,Todos,3,1,1,1,0.0
2024-11-04,Tienda Online,2,1,0,1,0.0
2024-11-04,Tiendas Físicas,1,0,1,0,0.0
2024-11-04,Todos,3,1,1,1,0.0
2024-11-05,Tienda Online,2,1,1,0,50.0
2024-11-05,Tiendas Físicas,2,2,0,0,100.0
2024-11-05,Todos,4,3,1,0,75.0
2024-11-06,Tienda Online,6,3,2,1,33.333333333333336
2024-11-06,Tiendas Físicas,1,0,1,0,0.0
2024-11-06,Todos,7,3,3,1,28.571428571428573
2024-11-07,Tienda Online,5,2,2,1,20.0
2024-11-07,Tiendas Físicas,1,0,1,0,0.0
2024-11-07,Todos,6,2,3,1,16.666666666666668
2024-11-08,Tiendas Físicas,3,0,2,1,-33.333333333333336
2024-11-08,Todos,3,0,2,1,-33.333333333333336
2024-11-09,Tiendas Físicas,4,3,1,0,75.0
2024-11-09,Todos,4,3,1,0,75.0
2024-11-10,Tiendas Físicas,2,2,0,0,100.0
2024-11-10,Todos,2,2,0,0,100.0
2024-11-11,Tienda Online,4,0,3,1,-25.0
2024-11-11,Tiendas Físicas,1,1,0,0,100.0
2024-11-11,Todos,5,1,3,1,0.0
2024-11-12,Tienda Online,5,3,1,1,40.0
2024-11-12,Tiendas Físicas,1,0,1,0,0.0
2024-11-12,Todos,6,3,2,1,33.333333333333336
2024-11-13,Tienda Online,2,0,2,0,0.0
2024-11-13,Tiendas Físicas,1,1,0,0,100.0
2024-11-13,Todos,3,1,2,0,33.333333333333336
2024-11-14,Tienda Online,4,2,1,1,25.0
2024-11-14,Tiendas Físicas,2,1,1,0,50.0
2024-11-14,Todos,6,3,2,1,33.333333333333336
2024-11-15,Tienda Online,4,2,1,1,25.0
2024-11-15,Todos,4,2,1,1,25.0
2024-11-16,Tienda Online,2,0,2,0,0.0
2024-11-16,Tiendas Físicas,2,0,2,0,0.0
2024-11-16,Todos,4,0,4,0,0.0
2024-11-17,Tiendas Físicas,3,2,1,0,66.66666666666667
2024-11-17,Todos,3,2,1,0,66.66666666666667
2024-11-18,Tienda Online,11,8,2,1,63.63636363636363
2024-11-18,Tiendas Físicas,1,0,1,0,0.0
2024-11-18,Todos,12,8,3,1,58.333333333333336
2024-11-19,Tienda Online,9,3,5,1,22.22222222222222
2024-11-19,Tiendas Físicas,1,1,0,0,100.0
2024-11-19,Todos,10,4,5,1,30.0
2024-11-20,Tienda Online,8,4,4,0,50.0
2024-11-20,Todos,8,4,4,0,50.0
2024-11-21,Tienda Online,13,9,2,2,53.84615384615385
2024-11-21,Todos,13,9,2,2,53.84615384615385
2024-11-22,Tienda Online,5,4,1,0,80.0
2024-11-22,Tiendas Físicas,1,0,1,0,0.0
2024-11-22,Todos,6,4,2,0,66.66666666666667
2024-11-23,Tienda Online,5,1,4,0,20.0
2024-11-23,Tiendas Físicas,1,0,0,1,-100.0
2024-11-23,Todos,6,1,4,1,0.0
2024-11-24,Tiendas Físicas,4,2,2,0,50.0
2024-11-24,Todos,4,2,2,0,50.0
2024-11-25,Tienda Online,3,2,0,1,33.333333333333336
2024-11-25,Tiendas Físicas,1,1,0,0,100.0
2024-11-25,Todos,4,3,0,1,50.0
2024-11-26,Tienda Online,7,5,1,1,57.142857142857146
2024-11-26,Todos,7,5,1,1,57.142857142857146
2024-11-27,Tienda Online,3,2,0,1,33.333333333333336
2024-11-27,Tiendas Físicas,1,0,0,1,-100.0
2024-11-27,Todos,4,2,0,2,0.0
2024-11-28,Tienda Online,9,3,5,1,22.22222222222222
2024-11-28,Tiendas Físicas,1,1,0,0,100.0
2024-11-28,Todos,10,4,5,1,30.0
2024-11-29,Tienda Online,4,2,1,1,25.0
2024-11-29,Tiendas Físicas,4,3,1,0,75.0
2024-11-29,Todos,8,5,2,1,50.0
2024-11-30,Tienda Online,2,1,1,0,50.0
2024-11-30,Tiendas Físicas,2,2,0,0,100.0
2024-11-30,Todos,4,3,1,0,75.0
2024-12-01,Tiendas Físicas,1,1,0,0,100.0
2024-12-01,Todos,1,1,0,0,100.0
2024-12-02,Tienda Online,7,4,1,2,28.571428571428573
2024-12-02,Tiendas Físicas,2,1,0,1,0.0
2024-12-02,Todos,9,5,1,3,22.22222222222222
2024-12-03,Tienda Online,1,0,1,0,0.0
2024-12-03,Tiendas Físicas,4,2,2,0,50.0
2024-12-03,Todos,5,2,3,0,40.0
2024-12-04,Tienda Online,3,1,2,0,33.333333333333336
2024-12-04,Tiendas Físicas,1,0,1,0,0.0
2024-12-04,Todos,4,1,3,0,25.0
2024-12-05,Tienda Online,5,2,3,0,40.0
2024-12-05,Tiendas Físicas,2,1,1,0,50.0
2024-12-05,Todos,7,3,4,0,42.857142857142854
2024-12-06,Tienda Online,6,2,4,0,33.333333333333336
2024-12-06,Tiendas Físicas,3,0,3,0,0.0
2024-12-06,Todos,9,2,7,0,22.22222222222222
2024-12-07,Tiendas Físicas,1,1,0,0,100.0
2024-12-07,Todos,1,1,0,0,100.0
2024-12-08,Tienda Online,1,1,0,0,100.0
2024-12-08,Tiendas Físicas,4,3,0,1,50.0
2024-12-08,Todos,5,4,0,1,60.0
2024-12-09,Tienda Online,3,1,1,1,0.0
2024-12-09,Tiendas Físicas,1,0,0,1,-100.0
2024-12-09,Todos,4,1,1,2,-25.0
2024-12-10,Tienda Online,7,4,2,1,42.857142857142854
2024-12-10,Tiendas Físicas,1,1,0,0,100.0
2024-12-10,Todos,8,5,2,1,50.0
2024-12-11,Tienda Online,7,2,5,0,28.571428571428573
2024-12-11,Todos,7,2,5,0,28.571428571428573
2024-12-12,Tienda Online,8,4,2,2,25.0
2024-12-12,Tiendas Físicas,2,1,1,0,50.0
2024-12-12,Todos,10,5,3,2,30.0
2024-12-13,Tienda Online,3,1,2,0,33.333333333333336
2024-12-13,Tiendas Físicas,5,4,1,0,80.0
2024-12-13,Todos,8,5,3,0,62.5
2024-12-14,Tienda Online,3,2,1,0,66.66666666666667
2024-12-14,Tiendas Físicas,5,2,3,0,40.0
2024-12-14,Todos,8,4,4,0,50.0
2024-12-15,Tiendas Físicas,3,3,0,0,100.0
2024-12-15,Todos,3,3,0,0,100.0
2024-12-16,Tienda Online,3,1,2,0,33.333333333333336
2024-12-16,Tiendas Físicas,1,1,0,0,100.0
2024-12-16,Todos,4,2,2,0,50.0
2024-12-17,Tienda Online,3,3,0,0,100.0
2024-12-17,Tiendas Físicas,3,2,1,0,66.66666666666667
2024-12-17,Todos,6,5,1,0,83.33333333333333
2024-12-18,Tienda Online,6,1,1,4,-50.0
2024-12-18,Tiendas Físicas,4,4,0,0,100.0
2024-12-18,Todos,10,5,1,4,10.0
2024-12-19,Tienda Online,3,2,0,1,33.333333333333336
2024-12-19,Tiendas Físicas,10,6,4,0,60.0
2024-12-19,Todos,13,8,4,1,53.84615384615385
2024-12-20,Tienda Online,4,1,2,1,0.0
2024-12-20,Tiendas Físicas,2,1,0,1,0.0
2024-12-20,Todos,6,2,2,2,0.0
2024-12-21,Tienda Online,2,0,2,0,0.0
2024-12-21,Tiendas Físicas,5,3,1,1,40.0
2024-12-21,Todos,7,3,3,1,28.571428571428573
2024-12-22,Tiendas Físicas,5,1,4,0,20.0
2024-12-22,Todos,5,1,4,0,20.0
2024-12-23,Tienda Online,5,2,3,0,40.0
2024-12-23,Todos,5,2,3,0,40.0
2024-12-24,Tienda Online,7,3,3,1,28.571428571428573
2024-12-24,Tiendas Físicas,4,2,1,1,25.0
2024-12-24,Todos,11,5,4,2,27.272727272727273
2024-12-25,Tienda Online,10,3,3,4,-10.0
2024-12-25,Todos,10,3,3,4,-10.0
2024-12-26,Tienda Online,6,3,3,0,50.0
2024-12-26,Tiendas Físicas,1,0,1,0,0.0
2024-12-26,Todos,7,3,4,0,42.857142857142854
2024-12-27,Tienda Online,11,5,6,0,45.45454545454545
2024-12-27,Tiendas Físicas,1,1,0,0,100.0
2024-12-27,Todos,12,6,6,0,50.0
2024-12-28,Tienda Online,4,1,2,1,0.0
2024-12-28,Tiendas Físicas,1,1,0,0,100.0
2024-12-28,Todos,5,2,2,1,20.0
2024-12-29,Tiendas Físicas,4,2,1,1,25.0
2024-12-29,Todos,4,2,1,1,25.0
2024-12-30,Tienda Online,13,5,3,5,0.0
2024-12-30,Todos,13,5,3,5,0.0
2024-12-31,Tienda Online,8,1,3,4,-37.5
2024-12-31,Tiendas Físicas,2,1,1,0,50.0
2024-12-31,Todos,10,2,4,4,-20.0
2025-01-01,Tienda Online,1,0,1,0,0.0
2025-01-01,Tiendas Físicas,1,0,1,0,0.0
2025-01-01,Todos,2,0,2,0,0.0
2025-01-02,Tienda Online,4,2,1,1,25.0
2025-01-02,Todos,4,2,1,1,25.0
2025-01-03,Tienda Online,11,4,4,3,9.090909090909092
2025-01-03,Tiendas Físicas,5,3,0,2,20.0
2025-01-03,Todos,16,7,4,5,12.5
2025-01-04,Tienda Online,2,1,1,0,50.0
2025-01-04,Tiendas Físicas,1,1,0,0,100.0
2025-01-04,Todos,3,2,1,0,66.66666666666667
2025-01-05,Tiendas Físicas,3,1,2,0,33.333333333333336
2025-01-05,Todos,3,1,2,0,33.333333333333336
2025-01-06,Tienda Online,6,2,0,4,-33.333333333333336
2025-01-06,Todos,6,2,0,4,-33.333333333333336
2025-01-07,Tienda Online,12,8,2,2,50.0
2025-01-07,Tiendas Físicas,1,1,0,0,100.0
2025-01-07,Todos,13,9,2,2,53.84615384615385
2025-01-08,Tienda Online,5,2,1,2,0.0
2025-01-08,Tiendas Físicas,2,0,1,1,-50.0
2025-01-08,Todos,7,2,2,3,-14.285714285714286
2025-01-09,Tienda Online,13,3,6,4,-7.6923076923076925
2025-01-09,Tiendas Físicas,1,1,0,0,100.0
2025-01-09,Todos,14,4,6,4,0.0
2025-01-10,Tienda Online,6,4,0,2,33.333333333333336
2025-01-10,Tiendas Físicas,2,1,1,0,50.0
2025-01-10,Todos,8,5,1,2,37.5
2025-01-11,Tiendas Físicas,1,0,1,0,0.0
2025-01-11,Todos,1,0,1,0,0.0
2025-01-12,Tiendas Físicas,3,1,2,0,33.333333333333336
2025-01-12,Todos,3,1,2,0,33.333333333333336
2025-01-13,Tienda Online,4,1,2,1,0.0
2025-01-13,Todos,4,1,2,1,0.0
2025-01-14,Tienda Online,10,5,3,2,30.0
2025-01-14,Todos,10,5,3,2,30.0
2025-01-15,Tienda Online,9,5,3,1,44.44444444444444
2025-01-15,Tiendas Físicas,3,2,1,0,66.66666666666667
2025-01-15,Todos,12,7,4,1,50.0
2025-01-16,Tienda Online,7,3,3,1,28.571428571428573
2025-01-16,Tiendas Físicas,2,1,1,0,50.0
2025-01-16,Todos,9,4,4,1,33.333333333333336
2025-01-17,Tienda Online,4,1,3,0,25.0
2025-01-17,Tiendas Físicas,1,1,0,0,100.0
2025-01-17,Todos,5,2,3,0,40.0
2025-01-18,Tienda Online,1,0,1,0,0.0
2025-01-18,Tiendas Físicas,1,1,0,0,100.0
2025-01-18,Todos,2,1,1,0,50.0
2025-01-19,Tiendas Físicas,3,1,2,0,33.333333333333336
2025-01-19,Todos,3,1,2,0,33.333333333333336
2025-01-20,Tienda Online,2,0,2,0,0.0
2025-01-20,Todos,2,0,2,0,0.0
2025-01-21,Tienda Online,4,3,1,0,75.0
2025-01-21,Tiendas Físicas,2,1,0,1,0.0
2025-01-21,Todos,6,4,1,1,50.0
2025-01-22,Tienda Online,5,2,2,1,20.0
2025-01-22,Tiendas Físicas,3,1,2,0,33.333333333333336
2025-01-22,Todos,8,3,4,1,25.0
2025-01-23,Tienda Online,6,3,3,0,50.0
2025-01-23,Tiendas Físicas,2,0,1,1,-50.0
2025-01-23,Todos,8,3,4,1,25.0
2025-01-24,Tienda Online,4,2,2,0,50.0
2025-01-24,Tiendas Físicas,3,1,2,0,33.333333333333336
2025-01-24,Todos,7,3,4,0,42.857142857142854
2025-01-25,Tienda Online,3,2,0,1,33.333333333333336
2025-01-25,Tiendas Físicas,2,2,0,0,100.0
2025-01-25,Todos,5,4,0,1,60.0
2025-01-26,Tiendas Físicas,6,4,2,0,66.66666666666667
2025-01-26,Todos,6,4,2,0,66.66666666666667
2025-01-27,Tienda Online,2,1,1,0,50.0
2025-01-27,Tiendas Físicas,1,0,1,0,0.0
2025-01-27,Todos,3,1,2,0,33.333333333333336
2025-01-28,Tienda Online,6,4,2,0,66.66666666666667
2025-01-28,Tiendas Físicas,2,2,0,0,100.0
2025-01-28,Todos,8,6,2,0,75.0
2025-01-29,Tienda Online,3,2,1,0,66.66666666666667
2025-01-29,Todos,3,2,1,0,66.66666666666667
2025-01-30,Tienda Online,3,1,2,0,33.333333333333336
2025-01-30,Todos,3,1,2,0,33.333333333333336
2025-01-31,Tienda Online,3,2,1,0,66.66666666666667
2025-01-31,Tiendas Físicas,4,3,0,1,50.0
2025-01-31,Todos,7,5,1,1,57.142857142857146
2025-02-01,Tienda Online,3,3,0,0,100.0
2025-02-01,Tiendas Físicas,2,0,2,0,0.0
2025-02-01,Todos,5,3,2,0,60.0
2025-02-02,Tiendas Físicas,4,3,1,0,75.0
2025-02-02,Todos,4,3,1,0,75.0
2025-02-03,Tiendas Físicas,2,1,1,0,50.0
2025-02-03,Todos,2,1,1,0,50.0
2025-02-04,Tienda Online,2,1,0,1,0.0
2025-02-04,Tiendas Físicas,1,1,0,0,100.0
2025-02-04,Todos,3,2,0,1,33.333333333333336
2025-02-05,Tienda Online,7,3,3,1,28.571428571428573
2025-02-05,Tiendas Físicas,2,1,1,0,50.0
2025-02-05,Todos,9,4,4,1,33.333333333333336
2025-02-06,Tienda Online,4,1,3,0,25.0
2025-02-06,Tiendas Físicas,2,1,0,1,0.0
2025-02-06,Todos,6,2,3,1,16.666666666666668
2025-02-07,Tienda Online,11,7,3,1,54.54545454545455
2025-02-07,Tiendas Físicas,2,2,0,0,100.0
2025-02-07,Todos,13,9,3,1,61.53846153846154
2025-02-08,Tienda Online,2,1,1,0,50.0
2025-02-08,Tiendas Físicas,3,3,0,0,100.0
2025-02-08,Todos,5,4,1,0,80.0
2025-02-09,Tiendas Físicas,6,3,3,0,50.0
2025-02-09,Todos,6,3,3,0,50.0
2025-02-10,Tienda Online,4,1,3,0,25.0
2025-02-10,Todos,4,1,3,0,25.0
2025-02-11,Tienda Online,7,3,4,0,42.857142857142854
2025-02-11,Tiendas Físicas,1,1,0,0,100.0
2025-02-11,Todos,8,4,4,0,50.0
2025-02-12,Tienda Online,2,1,1,0,50.0
2025-02-12,Tiendas Físicas,1,1,0,0,100.0
2025-02-12,Todos,3,2,1,0,66.66666666666667
2025-02-13,Tienda Online,6,2,4,0,33.333333333333336
2025-02-13,Tiendas Físicas,1,1,0,0,100.0
2025-02-13,Todos,7,3,4,0,42.857142857142854
2025-02-14,Tienda Online,3,2,1,0,66.66666666666667
2025-02-14,Tiendas Físicas,3,2,1,0,66.66666666666667
2025-02-14,Todos,6,4,2,0,66.66666666666667
2025-02-15,Tiendas Físicas,1,1,0,0,100.0
2025-02-15,Todos,1,1,0,0,100.0
2025-02-16,Tiendas Físicas,6,4,2,0,66.66666666666667
2025-02-16,Todos,6,4,2,0,66.66666666666667
2025-02-17,Tiendas Físicas,3,1,2,0,33.333333333333336
2025-02-17,Todos,3,1,2,0,33.333333333333336
2025-02-18,Tienda Online,3,0,3,0,0.0
2025-02-18,Tiendas Físicas,2,1,1,0,50.0
2025-02-18,Todos,5,1,4,0,20.0
2025-02-19,Tienda Online,4,1,2,1,0.0
2025-02-19,Tiendas Físicas,4,3,1,0,75.0
2025-02-19,Todos,8,4,3,1,37.5
2025-02-20,Tienda Online,7,5,1,1,57.142857142857146
2025-02-20,Tiendas Físicas,1,0,1,0,0.0
2025-02-20,Todos,8,5,2,1,50.0
2025-02-21,Tienda Online,6,3,2,1,33.333333333333336
2025-02-21,Tiendas Físicas,3,1,2,0,33.333333333333336
2025-02-21,Todos,9,4,4,1,33.333333333333336
2025-02-22,Tienda Online,1,0,1,0,0.0
2025-02-22,Tiendas Físicas,3,3,0,0,100.0
2025-02-22,Todos,4,3,1,0,75.0
2025-02-23,Tiendas Físicas,2,1,1,0,50.0
2025-02-23,Todos,2,1,1,0,50.0
2025-02-24,Tienda Online,2,1,0,1,0.0
2025-02-24,Todos,2,1,0,1,0.0
2025-02-25,Tienda Online,5,1,2,2,-20.0
2025-02-25,Todos,5,1,2,2,-20.0
2025-02-26,Tienda Online,7,3,2,2,14.285714285714286
2025-02-26,Tiendas Físicas,5,2,3,0,40.0
2025-02-26,Todos,12,5,5,2,25.0
2025-02-27,Tienda Online,5,2,2,1,20.0
2025-02-27,Tiendas Físicas,1,1,0,0,100.0
2025-02-27,Todos,6,3,2,1,33.333333333333336
2025-02-28,Tienda Online,8,5,2,1,50.0
2025-02-28,Tiendas Físicas,2,0,1,1,-50.0
2025-02-28,Todos,10,5,3,2,30.0
2025-03-01,Tienda Online,5,2,2,1,20.0
2025-03-01,Tiendas Físicas,4,2,1,1,25.0
2025-03-01,Todos,9,4,3,2,22.22222222222222
2025-03-02,Tiendas Físicas,5,3,1,1,40.0
2025-03-02,Todos,5,3,1,1,40.0
2025-03-03,Tienda Online,4,1,2,1,0.0
2025-03-03,Todos,4,1,2,1,0.0
2025-03-04,Tienda Online,3,0,2,1,-33.333333333333336
2025-03-04,Tiendas Físicas,3,2,1,0,66.66666666666667
2025-03-04,Todos,6,2,3,1,16.666666666666668
2025-03-05,Tienda Online,7,3,2,2,14.285714285714286
2025-03-05,Todos,7,3,2,2,14.285714285714286
2025-03-06,Tienda Online,5,2,2,1,20.0
2025-03-06,Tiendas Físicas,5,5,0,0,100.0
2025-03-06,Todos,10,7,2,1,60.0
2025-03-07,Tienda Online,5,3,2,0,60.0
2025-03-07,Tiendas Físicas,2,2,0,0,100.0
2025-03-07,Todos,7,5,2,0,71.42857142857143
2025-03-08,Tienda Online,2,2,0,0,100.0
2025-03-08,Tiendas Físicas,2,2,0,0,100.0
2025-03-08,Todos,4,4,0,0,100.0
2025-03-09,Tiendas Físicas,2,1,1,0,50.0
2025-03-09,Todos,2,1,1,0,50.0
2025-03-10,Tienda Online,4,0,4,0,0.0
2025-03-10,Tiendas Físicas,2,2,0,0,100.0
2025-03-10,Todos,6,2,4,0,33.333333333333336
2025-03-11,Tienda Online,5,3,2,0,60.0
2025-03-11,Tiendas Físicas,4,3,0,1,50.0
2025-03-11,Todos,9,6,2,1,55.55555555555556
2025-03-12,Tienda Online,6,2,4,0,33.333333333333336
2025-03-12,Tiendas Físicas,1,1,0,0,100.0
2025-03-12,Todos,7,3,4,0,42.857142857142854
2025-03-13,Tienda Online,6,1,5,0,16.666666666666668
2025-03-13,Tiendas Físicas,2,1,1,0,50.0
2025-03-13,Todos,8,2,6,0,25.0
2025-03-14,Tienda Online,8,5,1,2,37.5
2025-03-14,Tiendas Físicas,3,1,1,1,0.0
2025-03-14,Todos,11,6,2,3,27.272727272727273
2025-03-15,Tienda Online,1,1,0,0,100.0
2025-03-15,Tiendas Físicas,2,1,1,0,50.0
2025-03-15,Todos,3,2,1,0,66.66666666666667
2025-03-16,Tiendas Físicas,3,1,1,1,0.0
2025-03-16,Todos,3,1,1,1,0.0
2025-03-17,Tienda Online,4,3,0,1,50.0
2025-03-17,Todos,4,3,0,1,50.0
2025-03-18,Tienda Online,5,1,2,2,-20.0
2025-03-18,Todos,5,1,2,2,-20.0
2025-03-19,Tienda Online,2,2,0,0,100.0
2025-03-19,Todos,2,2,0,0,100.0
2025-03-20,Tienda Online,1,0,1,0,0.0
2025-03-20,Tiendas Físicas,2,1,0,1,0.0
2025-03-20,Todos,3,1,1,1,0.0
2025-03-21,Tienda Online,8,3,4,1,25.0
2025-03-21,Tiendas Físicas,5,1,3,1,0.0
2025-03-21,Todos,13,4,7,2,15.384615384615385
2025-03-22,Tienda Online,4,0,3,1,-25.0
2025-03-22,Tiendas Físicas,5,1,4,0,20.0
2025-03-22,Todos,9,1,7,1,0.0
2025-03-23,Tiendas Físicas,4,3,1,0,75.0
2025-03-23,Todos,4,3,1,0,75.0
2025-03-24,Tienda Online,2,1,1,0,50.0
2025-03-24,Todos,2,1,1,0,50.0
2025-03-25,Tienda Online,2,0,2,0,0.0
2025-03-25,Tiendas Físicas,3,2,1,0,66.66666666666667
2025-03-25,Todos,5,2,3,0,40.0
2025-03-26,Tienda Online,5,2,3,0,40.0
2025-03-26,Tiendas Físicas,3,1,2,0,33.333333333333336
2025-03-26,Todos,8,3,5,0,37.5
2025-03-27,Tienda Online,9,5,3,1,44.44444444444444
2025-03-27,Tiendas Físicas,3,1,0,2,-33.333333333333336
2025-03-27,Todos,12,6,3,3,25.0
2025-03-28,Tienda Online,6,6,0,0,100.0
2025-03-28,Tiendas Físicas,3,2,1,0,66.66666666666667
2025-03-28,Todos,9,8,1,0,88.88888888888889
2025-03-29,Tienda Online,1,0,1,0,0.0
2025-03-29,Tiendas Físicas,3,1,0,2,-33.333333333333336
2025-03-29,Todos,4,1,1,2,-25.0
2025-03-30,Tiendas Físicas,3,1,0,2,-33.333333333333336
2025-03-30,Todos,3,1,0,2,-33.333333333333336
2025-03-31,Tienda Online,1,0,1,0,0.0
2025-03-31,Todos,1,0,1,0,0.0
2025-04-01,Tienda Online,3,0,3,0,0.0
2025-04-01,Tiendas Físicas,1,1,0,0,100.0
2025-04-01,Todos,4,1,3,0,25.0
2025-04-02,Tienda Online,2,0,1,1,-50.0
2025-04-02,Tiendas Físicas,1,1,0,0,100.0
2025-04-02,Todos,3,1,1,1,0.0
2025-04-03,Tienda Online,6,2,1,3,-16.666666666666668
2025-04-03,Tiendas Físicas,2,1,0,1,0.0
2025-04-03,Todos,8,3,1,4,-12.5
2025-04-04,Tienda Online,3,1,0,2,-33.333333333333336
2025-04-04,Tiendas Físicas,3,0,2,1,-33.333333333333336
2025-04-04,Todos,6,1,2,3,-33.333333333333336
2025-04-05,Tienda Online,1,0,1,0,0.0
2025-04-05,Tiendas Físicas,1,0,0,1,-100.0
2025-04-05,Todos,2,0,1,1,-50.0
2025-04-08,Tienda Online,4,3,0,1,50.0
2025-04-08,Tiendas Físicas,1,1,0,0,100.0
2025-04-08,Todos,5,4,0,1,60.0
2025-04-09,Tienda Online,4,1,2,1,0.0
2025-04-09,Tiendas Físicas,5,2,2,1,20.0
2025-04-09,Todos,9,3,4,2,11.11111111111111
2025-04-10,Tienda Online,5,3,1,1,40.0
2025-04-10,Todos,5,3,1,1,40.0
2025-04-11,Tienda Online,3,3,0,0,100.0
2025-04-11,Tiendas Físicas,3,2,1,0,66.66666666666667
2025-04-11,Todos,6,5,1,0,83.33333333333333
2025-04-12,Tienda Online,1,1,0,0,100.0
2025-04-12,Tiendas Físicas,1,1,0,0,100.0
2025-04-12,Todos,2,2,0,0,100.0
2025-04-14,Tienda Online,4,3,1,0,75.0
2025-04-14,Todos,4,3,1,0,75.0
2025-04-15,Tienda Online,4,3,0,1,50.0
2025-04-15,Tiendas Físicas,3,1,2,0,33.333333333333336
2025-04-15,Todos,7,4,2,1,42.857142857142854
2025-04-16,Tienda Online,5,5,0,0,100.0
2025-04-16,Tiendas Físicas,3,2,1,0,66.66666666666667
2025-04-16,Todos,8,7,1,0,87.5
2025-04-17,Tienda Online,3,2,1,0,66.66666666666667
2025-04-17,Tiendas Físicas,4,2,2,0,50.0
2025-04-17,Todos,7,4,3,0,57.142857142857146
2025-04-18,Tienda Online,3,2,1,0,66.66666666666667
2025-04-18,Todos,3,2,1,0,66.66666666666667
2025-04-19,Tienda Online,1,0,1,0,0.0
2025-04-19,Tiendas Físicas,1,0,1,0,0.0
2025-04-19,Todos,2,0,2,0,0.0
2025-04-20,Tiendas Físicas,2,2,0,0,100.0
2025-04-20,Todos,2,2,0,0,100.0
2025-04-21,Tienda Online,6,1,2,3,-33.333333333333336
2025-04-21,Todos,6,1,2,3,-33.333333333333336
2025-04-22,Tienda Online,7,4,3,0,57.142857142857146
2025-04-22,Tiendas Físicas,1,1,0,0,100.0
2025-04-22,Todos,8,5,3,0,62.5
2025-04-23,Tienda Online,8,6,2,0,75.0
2025-04-23,Tiendas Físicas,1,0,0,1,-100.0
2025-04-23,Todos,9,6,2,1,55.55555555555556
2025-04-24,Tienda Online,11,6,2,3,27.272727272727273
2025-04-24,Tiendas Físicas,3,2,1,0,66.66666666666667
2025-04-24,Todos,14,8,3,3,35.714285714285715
2025-04-25,Tienda Online,5,1,4,0,20.0
2025-04-25,Tiendas Físicas,2,1,0,1,0.0
2025-04-25,Todos,7,2,4,1,14.285714285714286
2025-04-26,Tienda Online,1,0,1,0,0.0
2025-04-26,Todos,1,0,1,0,0.0
2025-04-27,Tiendas Físicas,3,2,1,0,66.66666666666667
2025-04-27,Todos,3,2,1,0,66.66666666666667
2025-04-28,Tienda Online,1,1,0,0,100.0
2025-04-28,Tiendas Físicas,1,1,0,0,100.0
2025-04-28,Todos,2,2,0,0,100.0
2025-04-29,Tienda Online,3,1,2,0,33.333333333333336
2025-04-29,Tiendas Físicas,1,1,0,0,100.0
2025-04-29,Todos,4,2,2,0,50.0
2025-04-30,Tienda Online,6,3,2,1,33.333333333333336
2025-04-30,Tiendas Físicas,1,0,1,0,0.0
2025-04-30,Todos,7,3,3,1,28.571428571428573
2025-05-01,Tienda Online,4,2,2,0,50.0
2025-05-01,Tiendas Físicas,3,3,0,0,100.0
2025-05-01,Todos,7,5,2,0,71.42857142857143
2025-05-02,Tienda Online,8,3,3,2,12.5
2025-05-02,Todos,8,3,3,2,12.5
2025-05-03,Tienda Online,1,1,0,0,100.0
2025-05-03,Tiendas Físicas,1,1,0,0,100.0
2025-05-03,Todos,2,2,0,0,100.0
2025-05-04,Tiendas Físicas,2,0,1,1,-50.0
2025-05-04,Todos,2,0,1,1,-50.0
2025-05-05,Tienda Online,1,1,0,0,100.0
2025-05-05,Tiendas Físicas,1,1,0,0,100.0
2025-05-05,Todos,2,2,0,0,100.0
2025-05-06,Tienda Online,2,1,1,0,50.0
2025-05-06,Tiendas Físicas,2,2,0,0,100.0
2025-05-06,Todos,4,3,1,0,75.0
2025-05-07,Tienda Online,6,5,0,1,66.66666666666667
2025-05-07,Tiendas Físicas,2,1,1,0,50.0
2025-05-07,Todos,8,6,1,1,62.5
2025-05-08,Tiendas Físicas,3,1,2,0,33.333333333333336
2025-05-08,Todos,3,1,2,0,33.333333333333336
2025-05-09,Tienda Online,2,1,1,0,50.0
2025-05-09,Tiendas Físicas,3,2,0,1,33.333333333333336
2025-05-09,Todos,5,3,1,1,40.0
2025-05-10,Tienda Online,1,1,0,0,100.0
2025-05-10,Tiendas Físicas,2,2,0,0,100.0
2025-05-10,Todos,3,3,0,0,100.0
2025-05-11,Tienda Online,1,0,1,0,0.0
2025-05-11,Tiendas Físicas,3,2,0,1,33.333333333333336
2025-05-11,Todos,4,2,1,1,25.0
2025-05-12,Tienda Online,3,2,1,0,66.66666666666667
2025-05-12,Todos,3,2,1,0,66.66666666666667
2025-05-13,Tienda Online,3,1,0,2,-33.333333333333336
2025-05-13,Tiendas Físicas,1,1,0,0,100.0
2025-05-13,Todos,4,2,0,2,0.0
2025-05-14,Tienda Online,2,1,1,0,50.0
2025-05-14,Tiendas Físicas,1,0,1,0,0.0
2025-05-14,Todos,3,1,2,0,33.333333333333336
2025-05-15,Tienda Online,8,5,3,0,62.5
2025-05-15,Tiendas Físicas,1,1,0,0,100.0
2025-05-15,Todos,9,6,3,0,66.66666666666667
2025-05-16,Tienda Online,6,3,3,0,50.0
2025-05-16,Todos,6,3,3,0,50.0
2025-05-17,Tienda Online,1,1,0,0,100.0
2025-05-17,Todos,1,1,0,0,100.0
2025-05-19,Tienda Online,5,1,4,0,20.0
2025-05-19,Tiendas Físicas,2,0,2,0,0.0
2025-05-19,Todos,7,1,6,0,14.285714285714286
2025-05-20,Tienda Online,1,1,0,0,100.0
2025-05-20,Tiendas Físicas,1,1,0,0,100.0
2025-05-20,Todos,2,2,0,0,100.0
2025-05-21,Tienda Online,3,3,0,0,100.0
2025-05-21,Todos,3,3,0,0,100.0
2025-05-22,Tienda Online,4,2,1,1,25.0
2025-05-22,Todos,4,2,1,1,25.0
2025-05-23,Tienda Online,8,6,2,0,75.0
2025-05-23,Todos,8,6,2,0,75.0
2025-05-24,Tienda Online,2,2,0,0,100.0
2025-05-24,Tiendas Físicas,2,1,0,1,0.0
2025-05-24,Todos,4,3,0,1,50.0
2025-05-26,Tienda Online,12,4,4,4,0.0
2025-05-26,Todos,12,4,4,4,0.0
2025-05-27,Tienda Online,11,3,3,5,-18.181818181818183
2025-05-27,Tiendas Físicas,2,2,0,0,100.0
2025-05-27,Todos,13,5,3,5,0.0
2025-05-28,Tienda Online,14,5,6,3,14.285714285714286
2025-05-28,Tiendas Físicas,4,1,3,0,25.0
2025-05-28,Todos,18,6,9,3,16.666666666666668
2025-05-29,Tienda Online,5,3,1,1,40.0
2025-05-29,Tiendas Físicas,2,1,1,0,50.0
2025-05-29,Todos,7,4,2,1,42.857142857142854
2025-05-30,Tienda Online,2,0,0,2,-100.0
2025-05-30,Todos,2,0,0,2,-100.0
2025-05-31,Tienda Online,1,0,1,0,0.0
2025-05-31,Tiendas Físicas,3,1,2,0,33.333333333333336
2025-05-31,Todos,4,1,3,0,25.0
2025-06-01,Tienda Online,1,0,0,1,-100.0
2025-06-01,Tiendas Físicas,2,2,0,0,100.0
2025-06-01,Todos,3,2,0,1,33.333333333333336
2025-06-02,Tienda Online,3,2,1,0,66.66666666666667
2025-06-02,Todos,3,2,1,0,66.66666666666667
2025-06-03,Tienda Online,2,2,0,0,100.0
2025-06-03,Tiendas Físicas,2,0,2,0,0.0
2025-06-03,Todos,4,2,2,0,50.0
2025-06-04,Tienda Online,4,2,2,0,50.0
2025-06-04,Tiendas Físicas,2,1,1,0,50.0
2025-06-04,Todos,6,3,3,0,50.0
2025-06-05,Tienda Online,3,2,1,0,66.66666666666667
2025-06-05,Tiendas Físicas,1,1,0,0,100.0
2025-06-05,Todos,4,3,1,0,75.0
2025-06-06,Tienda Online,2,1,1,0,50.0
2025-06-06,Todos,2,1,1,0,50.0
2025-06-07,Tienda Online,2,1,1,0,50.0
2025-06-07,Tiendas Físicas,2,0,2,0,0.0
2025-06-07,Todos,4,1,3,0,25.0
2025-06-08,Tienda Online,2,1,1,0,50.0
2025-06-08,Tiendas Físicas,7,5,1,1,57.142857142857146
2025-06-08,Todos,9,6,2,1,55.55555555555556
2025-06-09,Tienda Online,2,2,0,0,100.0
2025-06-09,Tiendas Físicas,1,0,1,0,0.0
2025-06-09,Todos,3,2,1,0,66.66666666666667
2025-06-10,Tienda Online,4,3,0,1,50.0
2025-06-10,Todos,4,3,0,1,50.0
2025-06-11,Tienda Online,2,2,0,0,100.0
2025-06-11,Tiendas Físicas,1,0,0,1,-100.0
2025-06-11,Todos,3,2,0,1,33.333333333333336
2025-06-12,Tienda Online,9,5,3,1,44.44444444444444
2025-06-12,Tiendas Físicas,4,3,1,0,75.0
2025-06-12,Todos,13,8,4,1,53.84615384615385
2025-06-13,Tienda Online,4,0,3,1,-25.0
2025-06-13,Tiendas Físicas,3,2,1,0,66.66666666666667
2025-06-13,Todos,7,2,4,1,14.285714285714286
2025-06-14,Tienda Online,3,1,2,0,33.333333333333336
2025-06-14,Tiendas Físicas,1,1,0,0,100.0
2025-06-14,Todos,4,2,2,0,50.0
2025-06-15,Tiendas Físicas,2,1,1,0,50.0
2025-06-15,Todos,2,1,1,0,50.0
2025-06-16,Tienda Online,3,3,0,0,100.0
2025-06-16,Tiendas Físicas,1,1,0,0,100.0
2025-06-16,Todos,4,4,0,0,100.0
2025-06-17,Tienda Online,5,1,3,1,0.0
2025-06-17,Todos,5,1,3,1,0.0
2025-06-18,Tienda Online,7,3,3,1,28.571428571428573
2025-06-18,Tiendas Físicas,2,2,0,0,100.0
2025-06-18,Todos,9,5,3,1,44.44444444444444
2025-06-19,Tienda Online,5,1,3,1,0.0
2025-06-19,Tiendas Físicas,2,1,0,1,0.0
2025-06-19,Todos,7,2,3,2,0.0
2025-06-20,Tienda Online,6,3,2,1,33.333333333333336
2025-06-20,Todos,6,3,2,1,33.333333333333336
2025-06-21,Tiendas Físicas,2,1,1,0,50.0
2025-06-21,Todos,2,1,1,0,50.0
2025-06-22,Tiendas Físicas,6,3,3,0,50.0
2025-06-22,Todos,6,3,3,0,50.0
2025-06-23,Tienda Online,7,4,3,0,57.142857142857146
2025-06-23,Tiendas Físicas,5,1,3,1,0.0
2025-06-23,Todos,12,5,6,1,33.333333333333336
2025-06-24,Tienda Online,3,2,1,0,66.66666666666667
2025-06-24,Tiendas Físicas,2,1,1,0,50.0
2025-06-24,Todos,5,3,2,0,60.0
2025-06-25,Tienda Online,7,2,4,1,14.285714285714286
2025-06-25,Tiendas Físicas,3,1,1,1,0.0
2025-06-25,Todos,10,3,5,2,10.0
2025-06-26,Tienda Online,5,3,1,1,40.0
2025-06-26,Tiendas Físicas,2,1,1,0,50.0
2025-06-26,Todos,7,4,2,1,42.857142857142854
2025-06-27,Tienda Online,5,2,3,0,40.0
2025-06-27,Tiendas Físicas,2,1,0,1,0.0
2025-06-27,Todos,7,3,3,1,28.571428571428573
2025-06-28,Tienda Online,4,0,3,1,-25.0
2025-06-28,Tiendas Físicas,2,2,0,0,100.0
2025-06-28,Todos,6,2,3,1,16.666666666666668
2025-06-29,Tiendas Físicas,4,0,4,0,0.0
2025-06-29,Todos,4,0,4,0,0.0
2025-06-30,Tienda Online,1,0,1,0,0.0
2025-06-30,Tiendas Físicas,1,0,1,0,0.0
2025-06-30,Todos,2,0,2,0,0.0
2025-07-01,Tienda Online,3,2,0,1,33.333333333333336
2025-07-01,Todos,3,2,0,1,33.333333333333336
2025-07-02,Tienda Online,8,3,3,2,12.5
2025-07-02,Tiendas Físicas,1,1,0,0,100.0
2025-07-02,Todos,9,4,3,2,22.22222222222222
2025-07-03,Tienda Online,5,2,2,1,20.0
2025-07-03,Todos,5,2,2,1,20.0
2025-07-04,Tienda Online,4,1,2,1,0.0
2025-07-04,Tiendas Físicas,1,0,0,1,-100.0
2025-07-04,Todos,5,1,2,2,-20.0
2025-07-05,Tienda Online,1,1,0,0,100.0
2025-07-05,Tiendas Físicas,1,0,1,0,0.0
2025-07-05,Todos,2,1,1,0,50.0
2025-07-06,Tiendas Físicas,2,2,0,0,100.0
2025-07-06,Todos,2,2,0,0,100.0
2025-07-07,Tienda Online,3,0,3,0,0.0
2025-07-07,Todos,3,0,3,0,0.0
2025-07-08,Tienda Online,1,1,0,0,100.0
2025-07-08,Tiendas Físicas,1,0,1,0,0.0
2025-07-08,Todos,2,1,1,0,50.0
2025-07-09,Tienda Online,4,1,3,0,25.0
2025-07-09,Tiendas Físicas,1,0,1,0,0.0
2025-07-09,Todos,5,1,4,0,20.0
2025-07-10,Tienda Online,6,3,3,0,50.0
2025-07-10,Tiendas Físicas,1,0,0,1,-100.0
2025-07-10,Todos,7,3,3,1,28.571428571428573
2025-07-11,Tienda Online,3,1,2,0,33.333333333333336
2025-07-11,Tiendas Físicas,1,1,0,0,100.0
2025-07-11,Todos,4,2,2,0,50.0
2025-07-12,Tiendas Físicas,1,1,0,0,100.0
2025-07-12,Todos,1,1,0,0,100.0
2025-07-13,Tiendas Físicas,3,2,1,0,66.66666666666667
2025-07-13,Todos,3,2,1,0,66.66666666666667
2025-07-14,Tienda Online,5,1,4,0,20.0
2025-07-14,Tiendas Físicas,1,0,0,1,-100.0
2025-07-14,Todos,6,1,4,1,0.0
2025-07-15,Tienda Online,3,1,2,0,33.333333333333336
2025-07-15,Tiendas Físicas,3,2,1,0,66.66666666666667
2025-07-15,Todos,6,3,3,0,50.0
2025-07-16,Tienda Online,5,3,0,2,20.0
2025-07-16,Tiendas Físicas,1,1,0,0,100.0
2025-07-16,Todos,6,4,0,2,33.333333333333336
2025-07-17,Tienda Online,3,2,0,1,33.333333333333336
2025-07-17,Tiendas Físicas,1,0,1,0,0.0
2025-07-17,Todos,4,2,1,1,25.0
2025-07-18,Tienda Online,4,3,1,0,75.0
2025-07-18,Todos,4,3,1,0,75.0
2025-07-19,Tienda Online,1,1,0,0,100.0
2025-07-19,Tiendas Físicas,2,0,2,0,0.0
2025-07-19,Todos,3,1,2,0,33.333333333333336
2025-07-21,Tienda Online,4,2,1,1,25.0
2025-07-21,Tiendas Físicas,1,1,0,0,100.0
2025-07-21,Todos,5,3,1,1,40.0
2025-07-22,Tienda Online,3,1,1,1,0.0
2025-07-22,Todos,3,1,1,1,0.0
2025-07-23,Tienda Online,7,3,3,1,28.571428571428573
2025-07-23,Tiendas Físicas,1,0,1,0,0.0
2025-07-23,Todos,8,3,4,1,25.0
2025-07-24,Tienda Online,5,3,1,1,40.0
2025-07-24,Tiendas Físicas,2,1,1,0,50.0
2025-07-24,Todos,7,4,2,1,42.857142857142854
2025-07-25,Tienda Online,4,1,1,2,-25.0
2025-07-25,Tiendas Físicas,2,0,1,1,-50.0
2025-07-25,Todos,6,1,2,3,-33.333333333333336
2025-07-26,Tienda Online,1,0,1,0,0.0
2025-07-26,Tiendas Físicas,1,1,0,0,100.0
2025-07-26,Todos,2,1,1,0,50.0
2025-07-27,Tiendas Físicas,5,3,1,1,40.0
2025-07-27,Todos,5,3,1,1,40.0
2025-07-28,Tienda Online,4,1,3,0,25.0
2025-07-28,Tiendas Físicas,1,1,0,0,100.0
2025-07-28,Todos,5,2,3,0,40.0
2025-07-29,Tienda Online,8,2,6,0,25.0
2025-07-29,Tiendas Físicas,3,0,2,1,-33.333333333333336
2025-07-29,Todos,11,2,8,1,9.090909090909092
2025-07-30,Tienda Online,4,1,1,2,-25.0
2025-07-30,Tiendas Físicas,2,2,0,0,100.0
2025-07-30,Todos,6,3,1,2,16.666666666666668
2025-07-31,Tienda Online,3,2,1,0,66.66666666666667
2025-07-31,Tiendas Físicas,2,1,1,0,50.0
2025-07-31,Todos,5,3,2,0,60.0
2025-08-01,Tienda Online,4,2,0,2,0.0
2025-08-01,Todos,4,2,0,2,0.0
2025-08-02,Tienda Online,1,0,1,0,0.0
2025-08-02,Tiendas Físicas,1,1,0,0,100.0
2025-08-02,Todos,2,1,1,0,50.0
2025-08-03,Tiendas Físicas,1,0,1,0,0.0
2025-08-03,Todos,1,0,1,0,0.0
2025-08-04,Tienda Online,3,1,2,0,33.333333333333336
2025-08-04,Todos,3,1,2,0,33.333333333333336
2025-08-05,Tienda Online,1,0,1,0,0.0
2025-08-05,Tiendas Físicas,1,1,0,0,100.0
2025-08-05,Todos,2,1,1,0,50.0
2025-08-06,Tienda Online,6,4,2,0,66.66666666666667
2025-08-06,Todos,6,4,2,0,66.66666666666667
2025-08-07,Tienda Online,4,2,1,1,25.0
2025-08-07,Tiendas Físicas,5,1,3,1,0.0
2025-08-07,Todos,9,3,4,2,11.11111111111111
2025-08-08,Tiendas Físicas,2,1,0,1,0.0
2025-08-08,Todos,2,1,0,1,0.0
2025-08-09,Tienda Online,1,0,1,0,0.0
2025-08-09,Tiendas Físicas,1,0,0,1,-100.0
2025-08-09,Todos,2,0,1,1,-50.0
2025-08-11,Tienda Online,5,2,1,2,0.0
2025-08-11,Todos,5,2,1,2,0.0
2025-08-12,Tienda Online,2,1,1,0,50.0
2025-08-12,Tiendas Físicas,1,1,0,0,100.0
2025-08-12,Todos,3,2,1,0,66.66666666666667
2025-08-13,Tienda Online,3,0,2,1,-33.333333333333336
2025-08-13,Tiendas Físicas,3,2,1,0,66.66666666666667
2025-08-13,Todos,6,2,3,1,16.666666666666668
2025-08-14,Tienda Online,4,0,4,0,0.0
2025-08-14,Tiendas Físicas,2,1,1,0,50.0
2025-08-14,Todos,6,1,5,0,16.666666666666668
2025-08-15,Tienda Online,7,2,4,1,14.285714285714286
2025-08-15,Tiendas Físicas,2,0,2,0,0.0
2025-08-15,Todos,9,2,6,1,11.11111111111111
2025-08-16,Tienda Online,2,1,1,0,50.0
2025-08-16,Todos,2,1,1,0,50.0
2025-08-17,Tiendas Físicas,6,3,3,0,50.0
2025-08-17,Todos,6,3,3,0,50.0
2025-08-18,Tienda Online,4,1,3,0,25.0
2025-08-18,Tiendas Físicas,2,2,0,0,100.0
2025-08-18,Todos,6,3,3,0,50.0
2025-08-19,Tienda Online,4,1,2,1,0.0
2025-08-19,Todos,4,1,2,1,0.0
2025-08-20,Tienda Online,6,3,3,0,50.0
2025-08-20,Todos,6,3,3,0,50.0
2025-08-21,Tienda Online,6,3,2,1,33.333333333333336
2025-08-21,Tiendas Físicas,2,1,1,0,50.0
2025-08-21,Todos,8,4,3,1,37.5
2025-08-22,Tienda Online,5,2,2,1,20.0
2025-08-22,Tiendas Físicas,1,1,0,0,100.0
2025-08-22,Todos,6,3,2,1,33.333333333333336
2025-08-23,Tiendas Físicas,6,3,3,0,50.0
2025-08-23,Todos,6,3,3,0,50.0
2025-08-24,Tiendas Físicas,3,2,1,0,66.66666666666667
2025-08-24,Todos,3,2,1,0,66.66666666666667
2025-08-25,Tienda Online,4,2,2,0,50.0
2025-08-25,Todos,4,2,2,0,50.0
2025-08-26,Tienda Online,5,1,4,0,20.0
2025-08-26,Todos,5,1,4,0,20.0
2025-08-27,Tienda Online,4,3,1,0,75.0
2025-08-27,Todos,4,3,1,0,75.0
2025-08-28,Tienda Online,7,3,1,3,0.0
2025-08-28,Tiendas Físicas,3,1,1,1,0.0
2025-08-28,Todos,10,4,2,4,0.0
2025-08-29,Tienda Online,4,3,0,1,50.0
2025-08-29,Tiendas Físicas,2,1,1,0,50.0
2025-08-29,Todos,6,4,1,1,50.0
2025-08-30,Tienda Online,1,0,0,1,-100.0
2025-08-30,Tiendas Físicas,6,3,3,0,50.0
2025-08-30,Todos,7,3,3,1,28.571428571428573
2025-08-31,Tiendas Físicas,2,0,2,0,0.0
2025-08-31,Todos,2,0,2,0,0.0
2025-09-01,Tienda Online,4,0,2,2,-50.0
2025-09-01,Todos,4,0,2,2,-50.0
2025-09-02,Tienda Online,4,2,2,0,50.0
2025-09-02,Todos,4,2,2,0,50.0
2025-09-03,Tienda Online,5,3,2,0,60.0
2025-09-03,Tiendas Físicas,1,1,0,0,100.0
2025-09-03,Todos,6,4,2,0,66.66666666666667
2025-09-04,Tienda Online,5,3,2,0,60.0
2025-09-04,Todos,5,3,2,0,60.0
2025-09-05,Tienda Online,4,1,3,0,25.0
2025-09-05,Todos,4,1,3,0,25.0
2025-09-06,Tienda Online,3,3,0,0,100.0
2025-09-06,Tiendas Físicas,1,0,1,0,0.0
2025-09-06,Todos,4,3,1,0,75.0
2025-09-07,Tiendas Físicas,5,1,3,1,0.0
2025-09-07,Todos,5,1,3,1,0.0
2025-09-08,Tienda Online,3,1,1,1,0.0
2025-09-08,Todos,3,1,1,1,0.0
2025-09-09,Tienda Online,6,2,1,3,-16.666666666666668
2025-09-09,Tiendas Físicas,2,2,0,0,100.0
2025-09-09,Todos,8,4,1,3,12.5
2025-09-10,Tienda Online,5,3,2,0,60.0
2025-09-10,Tiendas Físicas,1,1,0,0,100.0
2025-09-10,Todos,6,4,2,0,66.66666666666667
2025-09-11,Tienda Online,3,2,1,0,66.66666666666667
2025-09-11,Todos,3,2,1,0,66.66666666666667
2025-09-12,Tienda Online,2,1,0,1,0.0
2025-09-12,Tiendas Físicas,2,0,1,1,-50.0
2025-09-12,Todos,4,1,1,2,-25.0
2025-09-13,Tienda Online,1,1,0,0,100.0
2025-09-13,Todos,1,1,0,0,100.0
2025-09-15,Tienda Online,2,1,1,0,50.0
2025-09-15,Tiendas Físicas,1,0,1,0,0.0
2025-09-15,Todos,3,1,2,0,33.333333333333336
2025-09-16,Tienda Online,2,1,0,1,0.0
2025-09-16,Todos,2,1,0,1,0.0
2025-09-17,Tienda Online,7,4,2,1,42.857142857142854
2025-09-17,Tiendas Físicas,2,2,0,0,100.0
2025-09-17,Todos,9,6,2,1,55.55555555555556
2025-09-18,Tienda Online,5,2,2,1,20.0
2025-09-18,Tiendas Físicas,1,1,0,0,100.0
2025-09-18,Todos,6,3,2,1,33.333333333333336
2025-09-19,Tienda Online,6,2,3,1,16.666666666666668
2025-09-19,Todos,6,2,3,1,16.666666666666668
2025-09-20,Tienda Online,5,3,0,2,20.0
2025-09-20,Todos,5,3,0,2,20.0
2025-09-22,Tienda Online,3,0,0,3,-100.0
2025-09-22,Tiendas Físicas,2,1,1,0,50.0
2025-09-22,Todos,5,1,1,3,-40.0
2025-09-23,Tienda Online,10,2,4,4,-20.0
2025-09-23,Tiendas Físicas,2,1,1,0,50.0
2025-09-23,Todos,12,3,5,4,-8.333333333333334
2025-09-24,Tienda Online,4,4,0,0,100.0
2025-09-24,Todos,4,4,0,0,100.0
2025-09-25,Tienda Online,5,3,1,1,40.0
2025-09-25,Tiendas Físicas,2,1,1,0,50.0
2025-09-25,Todos,7,4,2,1,42.857142857142854
2025-09-26,Tienda Online,6,3,2,1,33.333333333333336
2025-09-26,Todos,6,3,2,1,33.333333333333336
2025-09-27,Tienda Online,1,1,0,0,100.0
2025-09-27,Tiendas Físicas,1,1,0,0,100.0
2025-09-27,Todos,2,2,0,0,100.0
2025-09-28,Tiendas Físicas,2,0,1,1,-50.0
2025-09-28,Todos,2,0,1,1,-50.0
2025-09-29,Tienda Online,2,1,0,1,0.0
2025-09-29,Tiendas Físicas,2,0,2,0,0.0
2025-09-29,Todos,4,1,2,1,0.0
2025-09-30,Tienda Online,1,0,1,0,0.0
2025-09-30,Tiendas Físicas,2,1,1,0,50.0
2025-09-30,Todos,3,1,2,0,33.333333333333336
