periodo,origen,usuarios_activos,sesiones
2024-01,Buscadores (orgánico),1098,1140
2024-01,Directo / newsletter,1094,1177
2024-01,Publicidad en redes,962,1001
2024-01,Referido,751,770
2024-01,Todos,3650,4088
2024-02,Buscadores (orgánico),1004,1040
2024-02,Directo / newsletter,1156,1230
2024-02,Publicidad en redes,903,932
2024-02,Referido,679,703
2024-02,Todos,3486,3905
2024-03,Buscadores (orgánico),1011,1034
2024-03,Directo / newsletter,1170,1258
2024-03,Publicidad en redes,1014,1048
2024-03,Referido,707,724
2024-03,Todos,3629,4064
2024-04,Buscadores (orgánico),946,1009
2024-04,Directo / newsletter,1092,1171
2024-04,Publicidad en redes,898,926
2024-04,Referido,623,649
2024-04,Todos,3305,3755
2024-05,Buscadores (orgánico),1043,1072
2024-05,Directo / newsletter,1166,1255
2024-05,Publicidad en redes,1182,1231
2024-05,Referido,731,750
2024-05,Todos,3827,4308
2024-06,Buscadores (orgánico),1090,1138
2024-06,Directo / newsletter,1218,1311
2024-06,Publicidad en redes,1003,1051
2024-06,Referido,817,838
2024-06,Todos,3801,4338
2024-07,Buscadores (orgánico),910,952
2024-07,Directo / newsletter,1065,1150
2024-07,Publicidad en redes,905,943
2024-07,Referido,668,686
2024-07,Todos,3270,3731
2024-08,Buscadores (orgánico),1001,1045
2024-08,Directo / newsletter,1182,1265
2024-08,Publicidad en redes,947,984
2024-08,Referido,651,671
2024-08,Todos,3461,3965
2024-09,Buscadores (orgánico),1112,1157
2024-09,Directo / newsletter,1156,1239
2024-09,Publicidad en redes,977,1024
2024-09,Referido,730,751
2024-09,Todos,3635,4171
2024-10,Buscadores (orgánico),1209,1281
2024-10,Directo / newsletter,1294,1406
2024-10,Publicidad en redes,1053,1117
2024-10,Referido,883,917
2024-10,Todos,4014,4721
2024-11,Buscadores (orgánico),1207,1262
2024-11,Directo / newsletter,1438,1542
2024-11,Publicidad en redes,1554,1624
2024-11,Referido,921,960
2024-11,Todos,4675,5388
2024-12,Buscadores (orgánico),1734,1810
2024-12,Directo / newsletter,1867,2047
2024-12,Publicidad en redes,1574,1652
2024-12,Referido,1255,1297
2024-12,Todos,5885,6806
2025-01,Buscadores (orgánico),1416,1496
2025-01,Directo / newsletter,1499,1616
2025-01,Publicidad en redes,1221,1273
2025-01,Referido,1002,1042
2025-01,Todos,4689,5427
2025-02,Buscadores (orgánico),1221,1285
2025-02,Directo / newsletter,1451,1571
2025-02,Publicidad en redes,1199,1265
2025-02,Referido,911,940
2025-02,Todos,4345,5061
2025-03,Buscadores (orgánico),1410,1478
2025-03,Directo / newsletter,1512,1641
2025-03,Publicidad en redes,1215,1275
2025-03,Referido,979,1019
2025-03,Todos,4629,5413
2025-04,Buscadores (orgánico),1257,1331
2025-04,Directo / newsletter,1386,1500
2025-04,Publicidad en redes,1166,1227
2025-04,Referido,854,877
2025-04,Todos,4206,4935
2025-05,Buscadores (orgánico),1348,1423
2025-05,Directo / newsletter,1529,1659
2025-05,Publicidad en redes,1587,1656
2025-05,Referido,964,996
2025-05,Todos,4880,5734
2025-06,Buscadores (orgánico),1351,1414
2025-06,Directo / newsletter,1563,1671
2025-06,Publicidad en redes,1195,1263
2025-06,Referido,896,921
2025-06,Todos,4552,5269
2025-07,Buscadores (orgánico),1184,1242
2025-07,Directo / newsletter,1392,1522
2025-07,Publicidad en redes,1126,1159
2025-07,Referido,843,873
2025-07,Todos,4085,4796
2025-08,Buscadores (orgánico),1344,1421
2025-08,Directo / newsletter,1484,1612
2025-08,Publicidad en redes,1157,1221
2025-08,Referido,891,933
2025-08,Todos,4361,5187
2025-09,Buscadores (orgánico),1311,1387
2025-09,Directo / newsletter,1507,1623
2025-09,Publicidad en redes,1245,1293
2025-09,Referido,967,998
2025-09,Todos,4561,5301
