mes,canal,provincia,pedidos,ventas,ticket_promedio
2024-01,Tienda Online,Buenos Aires,93,3174915.0,34138.87096774193
2024-01,Tienda Online,Córdoba,64,2528650.5,39510.1640625
2024-01,Tienda Online,Mendoza,29,1132185.0,39040.862068965514
2024-01,Tienda Online,Santa Fe,65,1966566.0,30254.861538461537
2024-01,Tiendas Físicas,Buenos Aires,73,2457954.0,33670.602739726026
2024-01,Tiendas Físicas,Córdoba,52,1763091.0,33905.596153846156
2024-01,Tiendas Físicas,Mendoza,40,1274433.0,31860.825
2024-01,Tiendas Físicas,Santa Fe,44,1667670.0,37901.59090909091
2024-02,Tienda Online,Buenos Aires,104,3966750.0,38141.82692307692
2024-02,Tienda Online,Córdoba,81,2625576.0,32414.51851851852
2024-02,Tienda Online,Mendoza,38,1313035.5,34553.56578947369
2024-02,Tienda Online,Santa Fe,61,2103577.5,34484.87704918033
2024-02,Tiendas Físicas,Buenos Aires,77,3043039.5,39519.993506493505
2024-02,Tiendas Físicas,Córdoba,51,1832835.0,35937.94117647059
2024-02,Tiendas Físicas,Mendoza,45,1422189.0,31604.2
2024-02,Tiendas Físicas,Santa Fe,56,2070877.5,36979.955357142855
2024-03,Tienda Online,Buenos Aires,111,3823638.0,34447.18918918919
2024-03,Tienda Online,Córdoba,52,1969246.5,37870.125
2024-03,Tienda Online,Mendoza,30,1131822.0,37727.4
2024-03,Tienda Online,Santa Fe,60,2433000.0,40550.0
2024-03,Tiendas Físicas,Buenos Aires,67,2381976.0,35551.880597014926
2024-03,Tiendas Físicas,Córdoba,66,2204910.0,33407.72727272727
2024-03,Tiendas Físicas,Mendoza,35,1085295.0,31008.428571428572
2024-03,Tiendas Físicas,Santa Fe,61,2078586.0,34075.18032786885
2024-04,Tienda Online,Buenos Aires,101,3364210.5,33309.014851485146
2024-04,Tienda Online,Córdoba,50,1734786.0,34695.72
2024-04,Tienda Online,Mendoza,32,1117861.5,34933.171875
2024-04,Tienda Online,Santa Fe,61,2213737.5,36290.77868852459
2024-04,Tiendas Físicas,Buenos Aires,49,1601526.0,32684.20408163265
2024-04,Tiendas Físicas,Córdoba,41,1505457.0,36718.46341463415
2024-04,Tiendas Físicas,Mendoza,42,1402995.0,33404.642857142855
2024-04,Tiendas Físicas,Santa Fe,62,2303235.0,37148.95161290323
2024-05,Tienda Online,Buenos Aires,121,3958954.5,32718.632231404958
2024-05,Tienda Online,Córdoba,59,1900341.0,32209.169491525423
2024-05,Tienda Online,Mendoza,39,1325346.0,33983.230769230766
2024-05,Tienda Online,Santa Fe,66,2316579.0,35099.681818181816
2024-05,Tiendas Físicas,Buenos Aires,55,2002278.0,36405.05454545454
2024-05,Tiendas Físicas,Córdoba,54,2053854.0,38034.333333333336
2024-05,Tiendas Físicas,Mendoza,37,1229814.0,33238.21621621621
2024-05,Tiendas Físicas,Santa Fe,43,1545339.0,35938.11627906977
2024-06,Tienda Online,Buenos Aires,125,4974529.5,39796.236
2024-06,Tienda Online,Córdoba,64,2228278.5,34816.8515625
2024-06,Tienda Online,Mendoza,46,1311645.0,28514.021739130436
2024-06,Tienda Online,Santa Fe,70,2485570.5,35508.15
2024-06,Tiendas Físicas,Buenos Aires,75,2781891.0,37091.88
2024-06,Tiendas Físicas,Córdoba,76,2597676.0,34179.94736842105
2024-06,Tiendas Físicas,Mendoza,43,1535656.5,35712.941860465115
2024-06,Tiendas Físicas,Santa Fe,56,1829301.0,32666.089285714286
2024-07,Tienda Online,Buenos Aires,92,3249985.5,35325.92934782609
2024-07,Tienda Online,Córdoba,35,1094118.0,31260.514285714286
2024-07,Tienda Online,Mendoza,24,1159182.0,48299.25
2024-07,Tienda Online,Santa Fe,51,1887534.0,37010.470588235294
2024-07,Tiendas Físicas,Buenos Aires,56,1976505.0,35294.732142857145
2024-07,Tiendas Físicas,Córdoba,48,1771803.0,36912.5625
2024-07,Tiendas Físicas,Mendoza,40,1280982.0,32024.55
2024-07,Tiendas Físicas,Santa Fe,41,1191195.0,29053.536585365855
2024-08,Tienda Online,Buenos Aires,116,4007770.5,34549.745689655174
2024-08,Tienda Online,Córdoba,55,1854100.5,33710.91818181818
2024-08,Tienda Online,Mendoza,22,767656.5,34893.47727272727
2024-08,Tienda Online,Santa Fe,52,1457208.0,28023.23076923077
2024-08,Tiendas Físicas,Buenos Aires,54,1952436.0,36156.22222222222
2024-08,Tiendas Físicas,Córdoba,48,1575516.0,32823.25
2024-08,Tiendas Físicas,Mendoza,49,1869420.0,38151.42857142857
2024-08,Tiendas Físicas,Santa Fe,48,1520436.0,31675.75
2024-09,Tienda Online,Buenos Aires,102,3575002.5,35049.044117647056
2024-09,Tienda Online,Córdoba,58,1915543.5,33026.612068965514
2024-09,Tienda Online,Mendoza,25,871807.5,34872.3
2024-09,Tienda Online,Santa Fe,63,2245836.0,35648.19047619047
2024-09,Tiendas Físicas,Buenos Aires,57,1970082.0,34562.84210526316
2024-09,Tiendas Físicas,Córdoba,50,1576242.0,31524.84
2024-09,Tiendas Físicas,Mendoza,45,1265721.0,28127.133333333335
2024-09,Tiendas Físicas,Santa Fe,43,1499553.0,34873.32558139535
2024-10,Tienda Online,Buenos Aires,116,3818778.0,32920.5
2024-10,Tienda Online,Córdoba,74,2533000.5,34229.73648648649
2024-10,Tienda Online,Mendoza,50,1999756.5,39995.13
2024-10,Tienda Online,Santa Fe,78,2492488.5,31954.98076923077
2024-10,Tiendas Físicas,Buenos Aires,65,2319540.0,35685.230769230766
2024-10,Tiendas Físicas,Córdoba,53,1748485.5,32990.29245283019
2024-10,Tiendas Físicas,Mendoza,46,1678845.0,36496.63043478261
2024-10,Tiendas Físicas,Santa Fe,57,1683108.0,29528.21052631579
2024-11,Tienda Online,Buenos Aires,157,5075121.0,32325.61146496815
2024-11,Tienda Online,Córdoba,88,2779488.0,31585.090909090908
2024-11,Tienda Online,Mendoza,53,1762611.0,33256.811320754714
2024-11,Tienda Online,Santa Fe,69,2309302.5,33468.15217391304
2024-11,Tiendas Físicas,Buenos Aires,71,1984743.0,27954.12676056338
2024-11,Tiendas Físicas,Córdoba,44,1751341.5,39803.21590909091
2024-11,Tiendas Físicas,Mendoza,35,1356864.0,38767.54285714286
2024-11,Tiendas Físicas,Santa Fe,55,1729428.0,31444.145454545454
2024-12,Tienda Online,Buenos Aires,212,8184262.5,38605.01179245283
2024-12,Tienda Online,Córdoba,89,3347172.0,37608.67415730337
2024-12,Tienda Online,Mendoza,68,2438898.0,35866.14705882353
2024-12,Tienda Online,Santa Fe,104,3774571.5,36293.956730769234
2024-12,Tiendas Físicas,Buenos Aires,104,3610005.0,34711.58653846154
2024-12,Tiendas Físicas,Córdoba,94,2909637.0,30953.58510638298
2024-12,Tiendas Físicas,Mendoza,61,2176881.0,35686.57377049181
2024-12,Tiendas Físicas,Santa Fe,53,2007075.0,37869.339622641506
2025-01,Tienda Online,Buenos Aires,142,4507663.5,31744.109154929578
2025-01,Tienda Online,Córdoba,71,2332155.0,32847.25352112676
2025-01,Tienda Online,Mendoza,50,2020614.0,40412.28
2025-01,Tienda Online,Santa Fe,71,2570635.5,36206.133802816905
2025-01,Tiendas Físicas,Buenos Aires,83,2931810.0,35323.01204819277
2025-01,Tiendas Físicas,Córdoba,64,2345850.0,36653.90625
2025-01,Tiendas Físicas,Mendoza,42,1598985.0,38071.07142857143
2025-01,Tiendas Físicas,Santa Fe,68,2268942.0,33366.794117647056
2025-02,Tienda Online,Buenos Aires,153,5229459.0,34179.470588235294
2025-02,Tienda Online,Córdoba,75,2837547.0,37833.96
2025-02,Tienda Online,Mendoza,49,1786615.5,36461.54081632653
2025-02,Tienda Online,Santa Fe,66,2655433.5,40233.84090909091
2025-02,Tiendas Físicas,Buenos Aires,87,3035376.0,34889.379310344826
2025-02,Tiendas Físicas,Córdoba,69,2376160.5,34437.108695652176
2025-02,Tiendas Físicas,Mendoza,50,1687557.0,33751.14
2025-02,Tiendas Físicas,Santa Fe,59,2045964.0,34677.35593220339
2025-03,Tienda Online,Buenos Aires,140,4755682.5,33969.16071428572
2025-03,Tienda Online,Córdoba,65,2456653.5,37794.66923076923
2025-03,Tienda Online,Mendoza,64,2133040.5,33328.7578125
2025-03,Tienda Online,Santa Fe,68,2386050.0,35088.970588235294
2025-03,Tiendas Físicas,Buenos Aires,80,2791551.0,34894.3875
2025-03,Tiendas Físicas,Córdoba,63,2178822.0,34584.47619047619
2025-03,Tiendas Físicas,Mendoza,50,1710804.0,34216.08
2025-03,Tiendas Físicas,Santa Fe,51,1572564.0,30834.58823529412
2025-04,Tienda Online,Buenos Aires,129,4419211.5,34257.45348837209
2025-04,Tienda Online,Córdoba,68,2479752.0,36466.94117647059
2025-04,Tienda Online,Mendoza,35,1178740.5,33678.3
2025-04,Tienda Online,Santa Fe,78,2901397.5,37197.403846153844
2025-04,Tiendas Físicas,Buenos Aires,67,2487609.0,37128.49253731343
2025-04,Tiendas Físicas,Córdoba,50,1495245.0,29904.9
2025-04,Tiendas Físicas,Mendoza,28,899136.0,32112.0
2025-04,Tiendas Físicas,Santa Fe,40,1199811.0,29995.275
2025-05,Tienda Online,Buenos Aires,179,5382310.5,30068.773743016758
2025-05,Tienda Online,Córdoba,83,2906064.0,35012.819277108436
2025-05,Tienda Online,Mendoza,50,1555807.5,31116.15
2025-05,Tienda Online,Santa Fe,81,2908471.5,35907.055555555555
2025-05,Tiendas Físicas,Buenos Aires,59,1852470.0,31397.79661016949
2025-05,Tiendas Físicas,Córdoba,51,1669944.0,32744.0
2025-05,Tiendas Físicas,Mendoza,31,1180809.0,38090.6129032258
2025-05,Tiendas Físicas,Santa Fe,54,2117379.0,39210.72222222222
2025-06,Tienda Online,Buenos Aires,133,5684719.5,42742.25187969925
2025-06,Tienda Online,Córdoba,63,2334723.0,37059.09523809524
2025-06,Tienda Online,Mendoza,59,2262070.5,38340.17796610169
2025-06,Tienda Online,Santa Fe,74,2829475.5,38236.15540540541
2025-06,Tiendas Físicas,Buenos Aires,64,2765193.0,43206.140625
2025-06,Tiendas Físicas,Córdoba,67,2062032.0,30776.597014925374
2025-06,Tiendas Físicas,Mendoza,43,1395009.0,32442.06976744186
2025-06,Tiendas Físicas,Santa Fe,59,1877265.0,31818.050847457627
2025-07,Tienda Online,Buenos Aires,121,3969937.5,32809.40082644628
2025-07,Tienda Online,Córdoba,50,1551940.5,31038.81
2025-07,Tienda Online,Mendoza,40,1358214.0,33955.35
2025-07,Tienda Online,Santa Fe,62,2430240.0,39197.41935483871
2025-07,Tiendas Físicas,Buenos Aires,40,1244112.0,31102.8
2025-07,Tiendas Físicas,Córdoba,51,1551969.0,30430.764705882353
2025-07,Tiendas Físicas,Mendoza,40,1266114.0,31652.85
2025-07,Tiendas Físicas,Santa Fe,39,1324272.0,33955.692307692305
2025-08,Tienda Online,Buenos Aires,136,4677274.5,34391.72426470588
2025-08,Tienda Online,Córdoba,80,2799261.0,34990.7625
2025-08,Tienda Online,Mendoza,47,2056566.0,43756.72340425532
2025-08,Tienda Online,Santa Fe,77,2608371.0,33874.94805194805
2025-08,Tiendas Físicas,Buenos Aires,58,1981587.0,34165.293103448275
2025-08,Tiendas Físicas,Córdoba,53,1622610.0,30615.283018867925
2025-08,Tiendas Físicas,Mendoza,46,1703166.0,37025.34782608696
2025-08,Tiendas Físicas,Santa Fe,54,1778070.0,32927.22222222222
2025-09,Tienda Online,Buenos Aires,128,4208127.0,32875.9921875
2025-09,Tienda Online,Córdoba,85,3115359.0,36651.282352941176
2025-09,Tienda Online,Mendoza,47,1763776.5,37527.15957446808
2025-09,Tienda Online,Santa Fe,64,2256774.0,35262.09375
2025-09,Tiendas Físicas,Buenos Aires,46,1519266.0,33027.52173913043
2025-09,Tiendas Físicas,Córdoba,47,1617939.0,34424.234042553195
2025-09,Tiendas Físicas,Mendoza,36,1160874.0,32246.5
2025-09,Tiendas Físicas,Santa Fe,34,1004517.0,29544.617647058825
